"","timestamp","SN20940477_top2.Raw.Temp","SN20940477_top2.Light.Lumen","SN20940479_bot2.Raw.Temp","SN20940479_bot2.Light.Lumen","SN20940480_top1.Raw.Temp","SN20940480_top1.Light.Lumen","SN20940481_top3.Raw.Temp","SN20940481_top3.Light.Lumen"
"1",2020-10-19 15:00:00,23.966,"416.0",20.519,"304.0",23.581,"240.0",22.812,"400.0"
"2",2020-10-19 15:15:00,24.158,"416.0",20.234,"368.0",23.869,"240.0",22.046,"432.0"
"3",2020-10-19 15:30:00,23.966,"480.0",20.615,"448.0",23.773,"240.0",22.333,"480.0"
"4",2020-10-19 15:45:00,24.158,"480.0",20.615,"464.0",23.677,"240.0",22.429,"480.0"
"5",2020-10-19 16:00:00,24.255,"480.0",20.615,"448.0",23.677,"240.0",22.525,"480.0"
"6",2020-10-19 16:15:00,24.351,"480.0",20.615,"464.0",23.677,"240.0",22.525,"480.0"
"7",2020-10-19 16:30:00,24.351,"480.0",20.615,"448.0",23.773,"240.0",22.525,"480.0"
"8",2020-10-19 16:45:00,24.351,"480.0",20.615,"464.0",23.869,"240.0",22.525,"496.0"
"9",2020-10-19 17:00:00,24.351,"480.0",20.519,"464.0",23.869,"240.0",22.525,"496.0"
"10",2020-10-19 17:15:00,24.448,"480.0",20.615,"448.0",23.966,"240.0",22.525,"496.0"
"11",2020-10-19 17:30:00,24.351,"496.0",20.519,"464.0",23.966,"240.0",22.429,"480.0"
"12",2020-10-19 17:45:00,24.158,"480.0",20.519,"448.0",23.869,"240.0",22.333,"480.0"
"13",2020-10-19 18:00:00,24.158,"480.0",20.424,"448.0",23.773,"19.0",22.238,"480.0"
"14",2020-10-19 18:15:00,23.196,"0.0",19.567,"0.0",22.046,"0.0",21.282,"0.0"
"15",2020-10-19 18:30:00,23.1,"0.0",19.662,"0.0",20.901,"0.0",21.187,"0.0"
"16",2020-10-19 18:45:00,23.1,"0.0",20.424,"0.0",20.329,"0.0",21.187,"0.0"
"17",2020-10-19 19:00:00,22.908,"0.0",20.805,"0.0",20.043,"0.0",21.091,"0.0"
"18",2020-10-19 19:15:00,22.717,"0.0",21.091,"0.0",19.853,"0.0",20.996,"0.0"
"19",2020-10-19 19:30:00,22.621,"0.0",21.378,"0.0",19.758,"0.0",20.996,"0.0"
"20",2020-10-19 19:45:00,22.621,"0.0",21.473,"0.0",19.662,"0.0",20.996,"0.0"
"21",2020-10-19 20:00:00,22.525,"0.0",21.569,"0.0",19.662,"0.0",20.996,"0.0"
"22",2020-10-19 20:15:00,22.525,"0.0",21.664,"0.0",19.662,"0.0",20.996,"0.0"
"23",2020-10-19 20:30:00,22.525,"0.0",21.76,"0.0",19.567,"0.0",20.996,"0.0"
"24",2020-10-19 20:45:00,22.525,"0.0",21.855,"0.0",19.567,"0.0",20.901,"0.0"
"25",2020-10-19 21:00:00,22.525,"0.0",21.855,"0.0",19.567,"0.0",20.996,"0.0"
"26",2020-10-19 21:15:00,22.525,"0.0",21.951,"0.0",19.567,"0.0",20.996,"0.0"
"27",2020-10-19 21:30:00,22.525,"0.0",21.951,"0.0",19.567,"0.0",20.901,"0.0"
"28",2020-10-19 21:45:00,22.525,"0.0",22.046,"0.0",19.567,"0.0",20.996,"0.0"
"29",2020-10-19 22:00:00,22.525,"0.0",22.046,"0.0",19.567,"0.0",20.996,"0.0"
"30",2020-10-19 22:15:00,22.525,"0.0",22.046,"0.0",19.567,"0.0",20.996,"0.0"
"31",2020-10-19 22:30:00,22.525,"0.0",22.142,"0.0",19.567,"0.0",20.996,"0.0"
"32",2020-10-19 22:45:00,22.525,"0.0",22.142,"0.0",19.567,"0.0",20.901,"0.0"
"33",2020-10-19 23:00:00,22.525,"0.0",22.142,"0.0",19.472,"0.0",20.996,"0.0"
"34",2020-10-19 23:15:00,22.525,"0.0",22.142,"0.0",19.472,"0.0",20.996,"0.0"
"35",2020-10-19 23:30:00,22.525,"0.0",22.142,"0.0",19.472,"0.0",20.996,"0.0"
"36",2020-10-19 23:45:00,22.525,"0.0",22.142,"0.0",19.472,"0.0",20.996,"0.0"
"37",2020-10-20 00:00:00,22.525,"0.0",22.142,"0.0",19.472,"0.0",20.996,"0.0"
"38",2020-10-20 00:15:00,22.525,"0.0",22.142,"0.0",19.472,"0.0",20.996,"0.0"
"39",2020-10-20 00:30:00,22.525,"0.0",22.142,"0.0",19.472,"0.0",20.996,"0.0"
"40",2020-10-20 00:45:00,22.525,"0.0",22.142,"0.0",19.472,"0.0",20.996,"0.0"
"41",2020-10-20 01:00:00,22.525,"0.0",22.142,"0.0",19.472,"0.0",20.996,"0.0"
"42",2020-10-20 01:15:00,22.525,"0.0",22.142,"0.0",19.472,"0.0",20.996,"0.0"
"43",2020-10-20 01:30:00,22.525,"0.0",22.142,"0.0",19.472,"0.0",20.996,"0.0"
"44",2020-10-20 01:45:00,22.525,"0.0",22.142,"0.0",19.472,"0.0",20.901,"0.0"
"45",2020-10-20 02:00:00,22.525,"0.0",22.142,"0.0",19.472,"0.0",20.901,"0.0"
"46",2020-10-20 02:15:00,22.525,"0.0",22.142,"0.0",19.472,"0.0",20.996,"0.0"
"47",2020-10-20 02:30:00,22.525,"0.0",22.142,"0.0",19.472,"0.0",20.901,"0.0"
"48",2020-10-20 02:45:00,22.525,"0.0",22.142,"0.0",19.472,"0.0",20.901,"0.0"
"49",2020-10-20 03:00:00,22.525,"0.0",22.142,"0.0",19.472,"0.0",20.901,"0.0"
"50",2020-10-20 03:15:00,22.525,"0.0",22.142,"0.0",19.472,"0.0",20.901,"0.0"
"51",2020-10-20 03:30:00,22.525,"0.0",22.142,"0.0",19.472,"0.0",20.901,"0.0"
"52",2020-10-20 03:45:00,22.525,"0.0",22.142,"0.0",19.472,"0.0",20.901,"0.0"
"53",2020-10-20 04:00:00,22.525,"0.0",22.142,"0.0",19.472,"0.0",20.901,"0.0"
"54",2020-10-20 04:15:00,22.525,"0.0",22.142,"0.0",19.472,"0.0",20.901,"0.0"
"55",2020-10-20 04:30:00,22.525,"0.0",22.142,"0.0",19.472,"0.0",20.901,"0.0"
"56",2020-10-20 04:45:00,22.429,"0.0",22.142,"0.0",19.472,"0.0",20.901,"0.0"
"57",2020-10-20 05:00:00,22.525,"0.0",22.142,"0.0",19.472,"0.0",20.901,"0.0"
"58",2020-10-20 05:15:00,22.525,"0.0",22.142,"0.0",19.472,"0.0",20.901,"0.0"
"59",2020-10-20 05:30:00,22.525,"0.0",22.142,"0.0",19.472,"0.0",20.996,"0.0"
"60",2020-10-20 05:45:00,22.525,"0.0",22.142,"0.0",19.472,"0.0",20.996,"0.0"
"61",2020-10-20 06:00:00,22.525,"0.0",22.142,"0.0",19.567,"224.0",20.996,"0.0"
"62",2020-10-20 06:15:00,23.388,"496.0",22.908,"464.0",21.282,"248.0",21.951,"480.0"
"63",2020-10-20 06:30:00,23.484,"480.0",23.004,"448.0",22.238,"248.0",22.333,"496.0"
"64",2020-10-20 06:45:00,23.677,"480.0",22.142,"464.0",22.621,"240.0",22.238,"496.0"
"65",2020-10-20 07:00:00,23.869,"480.0",21.473,"448.0",22.812,"248.0",22.238,"480.0"
"66",2020-10-20 07:15:00,23.966,"480.0",21.187,"448.0",23.004,"240.0",22.238,"480.0"
"67",2020-10-20 07:30:00,23.966,"480.0",20.901,"448.0",23.1,"240.0",22.238,"496.0"
"68",2020-10-20 07:45:00,24.062,"480.0",20.805,"464.0",23.196,"240.0",22.238,"480.0"
"69",2020-10-20 08:00:00,24.062,"480.0",20.71,"448.0",23.292,"240.0",22.238,"480.0"
"70",2020-10-20 08:15:00,24.062,"480.0",20.615,"448.0",23.292,"240.0",22.238,"496.0"
"71",2020-10-20 08:30:00,23.966,"480.0",20.519,"448.0",23.292,"248.0",22.238,"480.0"
"72",2020-10-20 08:45:00,24.062,"480.0",20.519,"448.0",23.292,"240.0",22.238,"480.0"
"73",2020-10-20 09:00:00,24.062,"480.0",20.424,"448.0",23.388,"240.0",22.238,"480.0"
"74",2020-10-20 09:15:00,24.062,"480.0",20.424,"448.0",23.388,"240.0",22.238,"480.0"
"75",2020-10-20 09:30:00,24.062,"480.0",20.329,"448.0",23.388,"240.0",22.142,"480.0"
"76",2020-10-20 09:45:00,24.062,"480.0",20.329,"448.0",23.388,"248.0",22.142,"496.0"
"77",2020-10-20 10:00:00,23.966,"480.0",20.329,"448.0",23.388,"240.0",22.142,"480.0"
"78",2020-10-20 10:15:00,23.966,"496.0",20.329,"448.0",23.388,"240.0",22.142,"480.0"
"79",2020-10-20 10:30:00,23.966,"480.0",20.329,"464.0",23.388,"240.0",22.142,"496.0"
"80",2020-10-20 10:45:00,23.966,"480.0",20.329,"448.0",23.388,"240.0",22.046,"480.0"
"81",2020-10-20 11:00:00,23.966,"480.0",20.329,"448.0",23.388,"240.0",22.142,"480.0"
"82",2020-10-20 11:15:00,23.966,"480.0",20.329,"448.0",23.388,"240.0",22.238,"496.0"
"83",2020-10-20 11:30:00,24.158,"480.0",20.424,"448.0",23.388,"240.0",22.429,"496.0"
"84",2020-10-20 11:45:00,24.255,"480.0",20.424,"464.0",23.484,"240.0",22.429,"480.0"
"85",2020-10-20 12:00:00,24.062,"480.0",20.424,"448.0",23.484,"240.0",22.333,"480.0"
"86",2020-10-20 12:15:00,23.966,"480.0",20.424,"448.0",23.388,"240.0",22.238,"480.0"
"87",2020-10-20 12:30:00,23.966,"480.0",20.424,"448.0",23.388,"240.0",22.238,"480.0"
"88",2020-10-20 12:45:00,24.062,"480.0",20.519,"448.0",23.484,"240.0",22.429,"496.0"
"89",2020-10-20 13:00:00,24.158,"464.0",20.519,"448.0",23.484,"240.0",22.525,"480.0"
"90",2020-10-20 13:15:00,24.158,"480.0",20.519,"464.0",23.484,"240.0",22.525,"480.0"
"91",2020-10-20 13:30:00,24.255,"480.0",20.519,"448.0",23.484,"240.0",22.621,"496.0"
"92",2020-10-20 13:45:00,24.255,"480.0",20.615,"464.0",23.484,"240.0",22.621,"480.0"
"93",2020-10-20 14:00:00,24.255,"480.0",20.615,"448.0",23.484,"240.0",22.621,"480.0"
"94",2020-10-20 14:15:00,24.351,"480.0",20.615,"448.0",23.484,"240.0",22.717,"480.0"
"95",2020-10-20 14:30:00,24.351,"480.0",20.519,"448.0",23.581,"240.0",22.717,"480.0"
"96",2020-10-20 14:45:00,24.255,"480.0",20.519,"448.0",23.581,"240.0",22.525,"480.0"
"97",2020-10-20 15:00:00,24.255,"480.0",20.424,"448.0",23.484,"240.0",22.525,"480.0"
"98",2020-10-20 15:15:00,24.255,"480.0",20.519,"448.0",23.484,"240.0",22.621,"496.0"
"99",2020-10-20 15:30:00,24.255,"480.0",20.519,"448.0",23.484,"240.0",22.621,"480.0"
"100",2020-10-20 15:45:00,24.255,"480.0",20.519,"448.0",23.484,"240.0",22.621,"480.0"
"101",2020-10-20 16:00:00,24.255,"480.0",20.615,"448.0",23.581,"240.0",22.621,"496.0"
"102",2020-10-20 16:15:00,24.351,"480.0",20.615,"448.0",23.484,"240.0",22.717,"480.0"
"103",2020-10-20 16:30:00,24.351,"480.0",20.615,"464.0",23.581,"240.0",22.717,"496.0"
"104",2020-10-20 16:45:00,24.351,"480.0",20.615,"464.0",23.581,"240.0",22.717,"496.0"
"105",2020-10-20 17:00:00,24.448,"480.0",20.615,"448.0",23.581,"240.0",22.717,"480.0"
"106",2020-10-20 17:15:00,24.255,"480.0",20.615,"448.0",23.677,"240.0",22.621,"480.0"
"107",2020-10-20 17:30:00,24.158,"480.0",20.519,"448.0",23.581,"240.0",22.525,"496.0"
"108",2020-10-20 17:45:00,24.158,"496.0",20.615,"448.0",23.581,"240.0",22.525,"496.0"
"109",2020-10-20 18:00:00,24.255,"496.0",20.615,"448.0",23.581,"19.0",22.621,"496.0"
"110",2020-10-20 18:15:00,23.292,"0.0",19.853,"0.0",22.238,"0.0",21.473,"0.0"
"111",2020-10-20 18:30:00,23.196,"0.0",19.853,"0.0",21.187,"0.0",21.282,"0.0"
"112",2020-10-20 18:45:00,23.1,"0.0",20.424,"0.0",20.615,"0.0",21.282,"0.0"
"113",2020-10-20 19:00:00,22.908,"0.0",20.901,"0.0",20.234,"0.0",21.187,"0.0"
"114",2020-10-20 19:15:00,22.812,"0.0",21.187,"0.0",20.043,"0.0",21.091,"0.0"
"115",2020-10-20 19:30:00,22.717,"0.0",21.378,"0.0",19.853,"0.0",20.996,"0.0"
"116",2020-10-20 19:45:00,22.717,"0.0",21.569,"0.0",19.758,"0.0",20.996,"0.0"
"117",2020-10-20 20:00:00,22.621,"0.0",21.664,"0.0",19.758,"0.0",20.996,"0.0"
"118",2020-10-20 20:15:00,22.621,"0.0",21.76,"0.0",19.662,"0.0",20.996,"0.0"
"119",2020-10-20 20:30:00,22.525,"0.0",21.76,"0.0",19.662,"0.0",20.996,"0.0"
"120",2020-10-20 20:45:00,22.525,"0.0",21.855,"0.0",19.662,"0.0",20.996,"0.0"
"121",2020-10-20 21:00:00,22.525,"0.0",21.951,"0.0",19.567,"0.0",20.996,"0.0"
"122",2020-10-20 21:15:00,22.525,"0.0",21.951,"0.0",19.567,"0.0",20.996,"0.0"
"123",2020-10-20 21:30:00,22.525,"0.0",22.046,"0.0",19.567,"0.0",20.996,"0.0"
"124",2020-10-20 21:45:00,22.525,"0.0",22.046,"0.0",19.567,"0.0",20.996,"0.0"
"125",2020-10-20 22:00:00,22.525,"0.0",22.046,"0.0",19.567,"0.0",20.996,"0.0"
"126",2020-10-20 22:15:00,22.525,"0.0",22.046,"0.0",19.567,"0.0",20.996,"0.0"
"127",2020-10-20 22:30:00,22.525,"0.0",22.142,"0.0",19.567,"0.0",20.996,"0.0"
"128",2020-10-20 22:45:00,22.525,"0.0",22.142,"0.0",19.567,"0.0",20.996,"0.0"
"129",2020-10-20 23:00:00,22.525,"0.0",22.142,"0.0",19.567,"0.0",20.996,"0.0"
"130",2020-10-20 23:15:00,22.525,"0.0",22.142,"0.0",19.567,"0.0",20.996,"0.0"
"131",2020-10-20 23:30:00,22.525,"0.0",22.142,"0.0",19.567,"0.0",20.996,"0.0"
"132",2020-10-20 23:45:00,22.525,"0.0",22.142,"0.0",19.567,"0.0",20.996,"0.0"
"133",2020-10-21 00:00:00,22.525,"0.0",22.142,"0.0",19.567,"0.0",20.996,"0.0"
"134",2020-10-21 00:15:00,22.525,"0.0",22.142,"0.0",19.567,"0.0",20.996,"0.0"
"135",2020-10-21 00:30:00,22.525,"0.0",22.142,"0.0",19.567,"0.0",20.901,"0.0"
"136",2020-10-21 00:45:00,22.525,"0.0",22.142,"0.0",19.567,"0.0",20.901,"0.0"
"137",2020-10-21 01:00:00,22.525,"0.0",22.142,"0.0",19.567,"0.0",20.901,"0.0"
"138",2020-10-21 01:15:00,22.525,"0.0",22.142,"0.0",19.567,"0.0",20.901,"0.0"
"139",2020-10-21 01:30:00,22.525,"0.0",22.142,"0.0",19.567,"0.0",20.901,"0.0"
"140",2020-10-21 01:45:00,22.525,"0.0",22.142,"0.0",19.567,"0.0",20.901,"0.0"
"141",2020-10-21 02:00:00,22.525,"0.0",22.142,"0.0",19.567,"0.0",20.901,"0.0"
"142",2020-10-21 02:15:00,22.429,"0.0",22.142,"0.0",19.567,"0.0",20.901,"0.0"
"143",2020-10-21 02:30:00,22.525,"0.0",22.142,"0.0",19.567,"0.0",20.901,"0.0"
"144",2020-10-21 02:45:00,22.525,"0.0",22.142,"0.0",19.567,"0.0",20.901,"0.0"
"145",2020-10-21 03:00:00,22.525,"0.0",22.142,"0.0",19.567,"0.0",20.901,"0.0"
"146",2020-10-21 03:15:00,22.525,"0.0",22.142,"0.0",19.567,"0.0",20.901,"0.0"
"147",2020-10-21 03:30:00,22.525,"0.0",22.142,"0.0",19.567,"0.0",20.901,"0.0"
"148",2020-10-21 03:45:00,22.525,"0.0",22.142,"0.0",19.567,"0.0",20.901,"0.0"
"149",2020-10-21 04:00:00,22.525,"0.0",22.142,"0.0",19.567,"0.0",20.901,"0.0"
"150",2020-10-21 04:15:00,22.525,"0.0",22.142,"0.0",19.567,"0.0",20.901,"0.0"
"151",2020-10-21 04:30:00,22.525,"0.0",22.142,"0.0",19.567,"0.0",20.901,"0.0"
"152",2020-10-21 04:45:00,22.525,"0.0",22.142,"0.0",19.567,"0.0",20.996,"0.0"
"153",2020-10-21 05:00:00,22.525,"0.0",22.142,"0.0",19.567,"0.0",20.996,"0.0"
"154",2020-10-21 05:15:00,22.525,"0.0",22.142,"0.0",19.567,"0.0",20.996,"0.0"
"155",2020-10-21 05:30:00,22.525,"0.0",22.142,"0.0",19.567,"0.0",20.996,"0.0"
"156",2020-10-21 05:45:00,22.525,"0.0",22.142,"0.0",19.472,"0.0",20.901,"0.0"
"157",2020-10-21 06:00:00,22.525,"0.0",22.142,"0.0",19.567,"224.0",20.901,"0.0"
"158",2020-10-21 06:15:00,23.292,"496.0",22.908,"464.0",21.378,"248.0",21.951,"480.0"
"159",2020-10-21 06:30:00,23.484,"480.0",22.908,"464.0",22.333,"248.0",22.238,"496.0"
"160",2020-10-21 06:45:00,23.677,"480.0",22.046,"448.0",22.717,"248.0",22.142,"496.0"
"161",2020-10-21 07:00:00,23.773,"496.0",21.473,"448.0",23.004,"248.0",22.142,"496.0"
"162",2020-10-21 07:15:00,24.062,"480.0",21.187,"448.0",23.1,"240.0",22.333,"480.0"
"163",2020-10-21 07:30:00,24.255,"496.0",20.996,"464.0",23.196,"248.0",22.525,"480.0"
"164",2020-10-21 07:45:00,24.351,"496.0",20.901,"448.0",23.388,"248.0",22.525,"480.0"
"165",2020-10-21 08:00:00,24.255,"480.0",20.805,"448.0",23.484,"240.0",22.429,"496.0"
"166",2020-10-21 08:15:00,24.158,"496.0",20.615,"448.0",23.484,"240.0",22.333,"496.0"
"167",2020-10-21 08:30:00,24.255,"480.0",20.519,"448.0",23.484,"248.0",22.429,"496.0"
"168",2020-10-21 08:45:00,24.351,"480.0",20.615,"464.0",23.484,"240.0",22.525,"480.0"
"169",2020-10-21 09:00:00,24.351,"480.0",20.615,"464.0",23.581,"248.0",22.525,"496.0"
"170",2020-10-21 09:15:00,24.255,"480.0",20.519,"448.0",23.581,"248.0",22.429,"480.0"
"171",2020-10-21 09:30:00,24.351,"480.0",20.519,"464.0",23.581,"240.0",22.525,"496.0"
"172",2020-10-21 09:45:00,24.351,"496.0",20.519,"464.0",23.677,"248.0",22.525,"496.0"
"173",2020-10-21 10:00:00,24.255,"480.0",20.424,"448.0",23.677,"240.0",22.333,"480.0"
"174",2020-10-21 10:15:00,24.158,"480.0",20.424,"448.0",23.581,"240.0",22.333,"496.0"
"175",2020-10-21 10:30:00,24.158,"496.0",20.329,"448.0",23.581,"248.0",22.238,"496.0"
"176",2020-10-21 10:45:00,24.351,"480.0",20.424,"464.0",23.581,"248.0",22.429,"480.0"
"177",2020-10-21 11:00:00,24.351,"496.0",20.519,"448.0",23.677,"248.0",22.525,"480.0"
"178",2020-10-21 11:15:00,24.255,"480.0",20.424,"464.0",23.677,"248.0",22.429,"496.0"
"179",2020-10-21 11:30:00,24.158,"496.0",20.424,"464.0",23.581,"248.0",22.333,"496.0"
"180",2020-10-21 11:45:00,24.255,"496.0",20.424,"464.0",23.581,"248.0",22.429,"496.0"
"181",2020-10-21 12:00:00,24.351,"480.0",20.519,"448.0",23.581,"248.0",22.525,"480.0"
"182",2020-10-21 12:15:00,24.255,"480.0",20.519,"448.0",23.677,"240.0",22.621,"496.0"
"183",2020-10-21 12:30:00,24.351,"496.0",20.519,"448.0",23.677,"240.0",22.621,"496.0"
"184",2020-10-21 12:45:00,24.158,"480.0",20.519,"448.0",23.869,"240.0",22.429,"496.0"
"185",2020-10-21 13:00:00,24.158,"480.0",20.424,"448.0",23.773,"248.0",22.429,"496.0"
"186",2020-10-21 13:15:00,24.255,"480.0",20.519,"448.0",23.773,"248.0",22.525,"480.0"
"187",2020-10-21 13:30:00,24.255,"480.0",20.519,"448.0",23.677,"248.0",22.621,"496.0"
"188",2020-10-21 13:45:00,24.351,"480.0",20.615,"464.0",23.773,"240.0",22.621,"496.0"
"189",2020-10-21 14:00:00,24.158,"480.0",20.519,"448.0",23.773,"240.0",22.429,"480.0"
"190",2020-10-21 14:15:00,24.158,"480.0",20.424,"448.0",23.773,"240.0",22.333,"496.0"
"191",2020-10-21 14:30:00,24.062,"496.0",20.329,"448.0",23.773,"240.0",22.333,"496.0"
"192",2020-10-21 14:45:00,24.062,"480.0",20.329,"448.0",23.773,"248.0",22.238,"480.0"
"193",2020-10-21 15:00:00,24.062,"480.0",20.234,"464.0",23.773,"248.0",22.238,"496.0"
"194",2020-10-21 15:15:00,23.966,"480.0",20.234,"448.0",23.773,"248.0",22.333,"480.0"
"195",2020-10-21 15:30:00,24.158,"480.0",20.329,"464.0",23.773,"240.0",22.429,"496.0"
"196",2020-10-21 15:45:00,24.255,"496.0",20.424,"448.0",23.869,"240.0",22.525,"496.0"
"197",2020-10-21 16:00:00,24.255,"480.0",20.519,"448.0",23.869,"240.0",22.525,"480.0"
"198",2020-10-21 16:15:00,24.255,"480.0",20.519,"448.0",23.773,"248.0",22.525,"480.0"
"199",2020-10-21 16:30:00,24.255,"496.0",20.519,"464.0",23.773,"248.0",22.621,"480.0"
"200",2020-10-21 16:45:00,24.158,"480.0",20.519,"448.0",23.773,"240.0",22.429,"480.0"
"201",2020-10-21 17:00:00,24.062,"496.0",20.424,"448.0",23.773,"248.0",22.429,"496.0"
"202",2020-10-21 17:15:00,23.966,"496.0",20.424,"448.0",23.773,"240.0",22.333,"496.0"
"203",2020-10-21 17:30:00,24.062,"480.0",20.329,"464.0",23.773,"248.0",22.333,"480.0"
"204",2020-10-21 17:45:00,24.062,"496.0",20.234,"464.0",23.773,"240.0",22.238,"480.0"
"205",2020-10-21 18:00:00,23.966,"480.0",20.234,"448.0",23.677,"19.0",22.238,"480.0"
"206",2020-10-21 18:15:00,23.196,"0.0",19.472,"0.0",22.333,"0.0",21.187,"0.0"
"207",2020-10-21 18:30:00,23.196,"0.0",19.567,"0.0",21.187,"0.0",21.091,"0.0"
"208",2020-10-21 18:45:00,23.1,"0.0",20.329,"0.0",20.615,"0.0",21.091,"0.0"
"209",2020-10-21 19:00:00,22.908,"0.0",20.805,"0.0",20.234,"0.0",20.996,"0.0"
"210",2020-10-21 19:15:00,22.717,"0.0",21.091,"0.0",20.043,"0.0",20.996,"0.0"
"211",2020-10-21 19:30:00,22.717,"0.0",21.282,"0.0",19.948,"0.0",20.996,"0.0"
"212",2020-10-21 19:45:00,22.621,"0.0",21.473,"0.0",19.853,"0.0",20.901,"0.0"
"213",2020-10-21 20:00:00,22.525,"0.0",21.569,"0.0",19.758,"0.0",20.901,"0.0"
"214",2020-10-21 20:15:00,22.525,"0.0",21.664,"0.0",19.758,"0.0",20.901,"0.0"
"215",2020-10-21 20:30:00,22.525,"0.0",21.76,"0.0",19.662,"0.0",20.901,"0.0"
"216",2020-10-21 20:45:00,22.525,"0.0",21.855,"0.0",19.662,"0.0",20.901,"0.0"
"217",2020-10-21 21:00:00,22.429,"0.0",21.855,"0.0",19.662,"0.0",20.901,"0.0"
"218",2020-10-21 21:15:00,22.429,"0.0",21.951,"0.0",19.662,"0.0",20.901,"0.0"
"219",2020-10-21 21:30:00,22.429,"0.0",21.951,"0.0",19.662,"0.0",20.901,"0.0"
"220",2020-10-21 21:45:00,22.429,"0.0",22.046,"0.0",19.567,"0.0",20.901,"0.0"
"221",2020-10-21 22:00:00,22.525,"0.0",22.046,"0.0",19.567,"0.0",20.901,"0.0"
"222",2020-10-21 22:15:00,22.525,"0.0",22.046,"0.0",19.567,"0.0",20.901,"0.0"
"223",2020-10-21 22:30:00,22.525,"0.0",22.142,"0.0",19.567,"0.0",20.901,"0.0"
"224",2020-10-21 22:45:00,22.525,"0.0",22.142,"0.0",19.567,"0.0",20.901,"0.0"
"225",2020-10-21 23:00:00,22.429,"0.0",22.142,"0.0",19.567,"0.0",20.901,"0.0"
"226",2020-10-21 23:15:00,22.525,"0.0",22.142,"0.0",19.567,"0.0",20.901,"0.0"
"227",2020-10-21 23:30:00,22.525,"0.0",22.142,"0.0",19.567,"0.0",20.901,"0.0"
"228",2020-10-21 23:45:00,22.525,"0.0",22.142,"0.0",19.567,"0.0",20.901,"0.0"
"229",2020-10-22 00:00:00,22.525,"0.0",22.142,"0.0",19.567,"0.0",20.901,"0.0"
"230",2020-10-22 00:15:00,22.525,"0.0",22.142,"0.0",19.567,"0.0",20.901,"0.0"
"231",2020-10-22 00:30:00,22.525,"0.0",22.142,"0.0",19.567,"0.0",20.996,"0.0"
"232",2020-10-22 00:45:00,22.525,"0.0",22.142,"0.0",19.567,"0.0",20.996,"0.0"
"233",2020-10-22 01:00:00,22.525,"0.0",22.238,"0.0",19.567,"0.0",20.996,"0.0"
"234",2020-10-22 01:15:00,22.525,"0.0",22.238,"0.0",19.567,"0.0",20.996,"0.0"
"235",2020-10-22 01:30:00,22.525,"0.0",22.238,"0.0",19.567,"0.0",20.996,"0.0"
"236",2020-10-22 01:45:00,22.525,"0.0",22.238,"0.0",19.567,"0.0",20.996,"0.0"
"237",2020-10-22 02:00:00,22.525,"0.0",22.238,"0.0",19.567,"0.0",20.996,"0.0"
"238",2020-10-22 02:15:00,22.525,"0.0",22.238,"0.0",19.567,"0.0",20.996,"0.0"
"239",2020-10-22 02:30:00,22.525,"0.0",22.238,"0.0",19.567,"0.0",20.996,"0.0"
"240",2020-10-22 02:45:00,22.525,"0.0",22.238,"0.0",19.567,"0.0",20.996,"0.0"
"241",2020-10-22 03:00:00,22.525,"0.0",22.238,"0.0",19.567,"0.0",20.996,"0.0"
"242",2020-10-22 03:15:00,22.525,"0.0",22.238,"0.0",19.567,"0.0",20.996,"0.0"
"243",2020-10-22 03:30:00,22.525,"0.0",22.238,"0.0",19.567,"0.0",20.996,"0.0"
"244",2020-10-22 03:45:00,22.525,"0.0",22.238,"0.0",19.567,"0.0",20.996,"0.0"
"245",2020-10-22 04:00:00,22.525,"0.0",22.238,"0.0",19.567,"0.0",20.996,"0.0"
"246",2020-10-22 04:15:00,22.525,"0.0",22.238,"0.0",19.567,"0.0",20.996,"0.0"
"247",2020-10-22 04:30:00,22.525,"0.0",22.238,"0.0",19.567,"0.0",20.996,"0.0"
"248",2020-10-22 04:45:00,22.525,"0.0",22.238,"0.0",19.567,"0.0",20.901,"0.0"
"249",2020-10-22 05:00:00,22.525,"0.0",22.238,"0.0",19.567,"0.0",20.901,"0.0"
"250",2020-10-22 05:15:00,22.525,"0.0",22.238,"0.0",19.567,"0.0",20.901,"0.0"
"251",2020-10-22 05:30:00,22.525,"0.0",22.238,"0.0",19.567,"0.0",20.901,"0.0"
"252",2020-10-22 05:45:00,22.525,"0.0",22.142,"0.0",19.567,"0.0",20.901,"0.0"
"253",2020-10-22 06:00:00,22.525,"0.0",22.142,"0.0",19.567,"224.0",20.901,"0.0"
"254",2020-10-22 06:15:00,23.292,"496.0",22.908,"464.0",21.378,"248.0",21.951,"496.0"
"255",2020-10-22 06:30:00,23.484,"496.0",22.908,"464.0",22.429,"248.0",22.238,"496.0"
"256",2020-10-22 06:45:00,23.581,"496.0",22.046,"448.0",22.908,"248.0",22.142,"496.0"
"257",2020-10-22 07:00:00,23.773,"496.0",21.473,"448.0",23.196,"248.0",22.142,"496.0"
"258",2020-10-22 07:15:00,23.966,"480.0",21.091,"464.0",23.388,"248.0",22.238,"480.0"
"259",2020-10-22 07:30:00,23.966,"480.0",20.805,"464.0",23.484,"248.0",22.238,"480.0"
"260",2020-10-22 07:45:00,24.062,"496.0",20.615,"448.0",23.581,"248.0",22.238,"480.0"
"261",2020-10-22 08:00:00,24.158,"496.0",20.615,"448.0",23.581,"248.0",22.429,"496.0"
"262",2020-10-22 08:15:00,24.255,"480.0",20.615,"448.0",23.677,"248.0",22.525,"480.0"
"263",2020-10-22 08:30:00,24.158,"496.0",20.615,"448.0",23.773,"248.0",22.429,"496.0"
"264",2020-10-22 08:45:00,24.158,"480.0",20.519,"448.0",23.773,"248.0",22.238,"496.0"
"265",2020-10-22 09:00:00,24.062,"480.0",20.424,"448.0",23.773,"240.0",22.238,"480.0"
"266",2020-10-22 09:15:00,24.062,"480.0",20.329,"464.0",23.869,"240.0",22.142,"496.0"
"267",2020-10-22 09:30:00,24.158,"480.0",20.329,"448.0",23.869,"248.0",22.142,"480.0"
"268",2020-10-22 09:45:00,24.062,"480.0",20.329,"464.0",23.966,"248.0",22.142,"496.0"
"269",2020-10-22 10:00:00,24.062,"480.0",20.234,"448.0",23.869,"248.0",22.142,"480.0"
"270",2020-10-22 10:15:00,24.062,"496.0",20.234,"464.0",23.869,"240.0",22.142,"496.0"
"271",2020-10-22 10:30:00,24.062,"480.0",20.234,"448.0",23.869,"248.0",22.046,"480.0"
"272",2020-10-22 10:45:00,23.966,"480.0",20.234,"464.0",23.869,"248.0",22.046,"480.0"
"273",2020-10-22 11:00:00,23.966,"480.0",20.138,"464.0",23.966,"248.0",22.046,"480.0"
"274",2020-10-22 11:15:00,23.966,"480.0",20.234,"448.0",23.966,"248.0",22.142,"480.0"
"275",2020-10-22 11:30:00,24.062,"480.0",20.329,"448.0",23.966,"248.0",22.333,"496.0"
"276",2020-10-22 11:45:00,24.158,"480.0",20.329,"464.0",23.966,"248.0",22.333,"496.0"
"277",2020-10-22 12:00:00,24.062,"480.0",20.329,"448.0",23.869,"248.0",22.333,"480.0"
"278",2020-10-22 12:15:00,24.158,"480.0",20.234,"416.0",23.869,"248.0",22.429,"496.0"
"279",2020-10-22 12:30:00,24.255,"464.0",19.948,"416.0",23.773,"248.0",22.525,"496.0"
"280",2020-10-22 12:45:00,24.641,"288.0",19.948,"368.0",23.869,"240.0",22.525,"496.0"
"281",2020-10-22 13:00:00,24.255,"464.0",19.758,"416.0",24.255,"240.0",22.908,"496.0"
"282",2020-10-22 13:15:00,24.545,"448.0",19.948,"416.0",24.255,"240.0",22.429,"496.0"
"283",2020-10-22 13:30:00,24.641,"464.0",20.138,"432.0",24.062,"240.0",22.717,"480.0"
"284",2020-10-22 13:45:00,24.641,"464.0",20.138,"432.0",24.158,"240.0",22.717,"496.0"
"285",2020-10-22 14:00:00,24.641,"464.0",20.138,"432.0",24.062,"240.0",22.717,"480.0"
"286",2020-10-22 14:15:00,24.641,"464.0",20.234,"432.0",24.062,"240.0",22.717,"480.0"
"287",2020-10-22 14:30:00,24.448,"464.0",20.138,"432.0",24.062,"240.0",22.525,"480.0"
"288",2020-10-22 14:45:00,24.351,"464.0",20.043,"416.0",23.966,"240.0",22.333,"480.0"
"289",2020-10-22 15:00:00,24.351,"464.0",20.043,"432.0",23.869,"240.0",22.238,"480.0"
"290",2020-10-22 15:15:00,24.351,"464.0",19.948,"416.0",23.869,"240.0",22.238,"480.0"
"291",2020-10-22 15:30:00,24.255,"464.0",19.853,"432.0",23.869,"240.0",22.238,"480.0"
"292",2020-10-22 15:45:00,24.351,"464.0",19.853,"432.0",23.869,"240.0",22.238,"480.0"
"293",2020-10-22 16:00:00,24.351,"464.0",19.853,"432.0",23.869,"240.0",22.142,"480.0"
"294",2020-10-22 16:15:00,24.158,"464.0",19.948,"432.0",23.773,"240.0",22.238,"480.0"
"295",2020-10-22 16:30:00,24.255,"464.0",20.043,"432.0",23.773,"240.0",22.429,"480.0"
"296",2020-10-22 16:45:00,24.255,"464.0",20.138,"432.0",23.773,"240.0",22.429,"496.0"
"297",2020-10-22 17:00:00,24.448,"464.0",20.234,"416.0",23.677,"240.0",22.525,"496.0"
"298",2020-10-22 17:15:00,24.448,"464.0",20.138,"416.0",23.773,"240.0",22.429,"480.0"
"299",2020-10-22 17:30:00,24.448,"464.0",20.138,"432.0",23.677,"240.0",22.429,"480.0"
"300",2020-10-22 17:45:00,24.448,"464.0",20.138,"432.0",23.677,"240.0",22.525,"480.0"
"301",2020-10-22 18:00:00,24.351,"464.0",20.138,"432.0",23.677,"20.0",22.429,"480.0"
"302",2020-10-22 18:15:00,23.484,"0.0",19.377,"0.0",22.142,"0.0",21.282,"0.0"
"303",2020-10-22 18:30:00,23.196,"0.0",19.662,"0.0",20.996,"0.0",21.187,"0.0"
"304",2020-10-22 18:45:00,23.1,"0.0",20.424,"0.0",20.519,"0.0",21.187,"0.0"
"305",2020-10-22 19:00:00,22.908,"0.0",20.901,"0.0",20.234,"0.0",21.091,"0.0"
"306",2020-10-22 19:15:00,22.812,"0.0",21.187,"0.0",19.948,"0.0",20.996,"0.0"
"307",2020-10-22 19:30:00,22.717,"0.0",21.378,"0.0",19.853,"0.0",20.996,"0.0"
"308",2020-10-22 19:45:00,22.621,"0.0",21.569,"0.0",19.758,"0.0",20.901,"0.0"
"309",2020-10-22 20:00:00,22.525,"0.0",21.664,"0.0",19.662,"0.0",20.901,"0.0"
"310",2020-10-22 20:15:00,22.525,"0.0",21.664,"0.0",19.662,"0.0",20.901,"0.0"
"311",2020-10-22 20:30:00,22.525,"0.0",21.76,"0.0",19.567,"0.0",20.901,"0.0"
"312",2020-10-22 20:45:00,22.525,"0.0",21.855,"0.0",19.567,"0.0",20.901,"0.0"
"313",2020-10-22 21:00:00,22.429,"0.0",21.855,"0.0",19.567,"0.0",20.901,"0.0"
"314",2020-10-22 21:15:00,22.429,"0.0",21.951,"0.0",19.567,"0.0",20.901,"0.0"
"315",2020-10-22 21:30:00,22.429,"0.0",21.951,"0.0",19.567,"0.0",20.901,"0.0"
"316",2020-10-22 21:45:00,22.429,"0.0",21.951,"0.0",19.567,"0.0",20.901,"0.0"
"317",2020-10-22 22:00:00,22.525,"0.0",22.046,"0.0",19.567,"0.0",20.901,"0.0"
"318",2020-10-22 22:15:00,22.429,"0.0",22.046,"0.0",19.472,"0.0",20.901,"0.0"
"319",2020-10-22 22:30:00,22.429,"0.0",22.046,"0.0",19.472,"0.0",20.901,"0.0"
"320",2020-10-22 22:45:00,22.429,"0.0",22.046,"0.0",19.472,"0.0",20.901,"0.0"
"321",2020-10-22 23:00:00,22.525,"0.0",22.142,"0.0",19.472,"0.0",20.901,"0.0"
"322",2020-10-22 23:15:00,22.525,"0.0",22.142,"0.0",19.472,"0.0",20.901,"0.0"
"323",2020-10-22 23:30:00,22.525,"0.0",22.142,"0.0",19.472,"0.0",20.901,"0.0"
"324",2020-10-22 23:45:00,22.525,"0.0",22.142,"0.0",19.472,"0.0",20.901,"0.0"
"325",2020-10-23 00:00:00,22.429,"0.0",22.142,"0.0",19.472,"0.0",20.901,"0.0"
"326",2020-10-23 00:15:00,22.525,"0.0",22.142,"0.0",19.472,"0.0",20.901,"0.0"
"327",2020-10-23 00:30:00,22.525,"0.0",22.142,"0.0",19.472,"0.0",20.901,"0.0"
"328",2020-10-23 00:45:00,22.525,"0.0",22.142,"0.0",19.472,"0.0",20.901,"0.0"
"329",2020-10-23 01:00:00,22.525,"0.0",22.142,"0.0",19.472,"0.0",20.901,"0.0"
"330",2020-10-23 01:15:00,22.525,"0.0",22.142,"0.0",19.472,"0.0",20.901,"0.0"
"331",2020-10-23 01:30:00,22.525,"0.0",22.142,"0.0",19.472,"0.0",20.901,"0.0"
"332",2020-10-23 01:45:00,22.525,"0.0",22.142,"0.0",19.472,"0.0",20.901,"0.0"
"333",2020-10-23 02:00:00,22.525,"0.0",22.142,"0.0",19.472,"0.0",20.901,"0.0"
"334",2020-10-23 02:15:00,22.525,"0.0",22.142,"0.0",19.472,"0.0",20.901,"0.0"
"335",2020-10-23 02:30:00,22.525,"0.0",22.142,"0.0",19.472,"0.0",20.901,"0.0"
"336",2020-10-23 02:45:00,22.525,"0.0",22.142,"0.0",19.472,"0.0",20.901,"0.0"
"337",2020-10-23 03:00:00,22.525,"0.0",22.142,"0.0",19.472,"0.0",20.901,"0.0"
"338",2020-10-23 03:15:00,22.525,"0.0",22.142,"0.0",19.472,"0.0",20.901,"0.0"
"339",2020-10-23 03:30:00,22.525,"0.0",22.142,"0.0",19.472,"0.0",20.901,"0.0"
"340",2020-10-23 03:45:00,22.525,"0.0",22.142,"0.0",19.472,"0.0",20.901,"0.0"
"341",2020-10-23 04:00:00,22.429,"0.0",22.142,"0.0",19.472,"0.0",20.901,"0.0"
"342",2020-10-23 04:15:00,22.429,"0.0",22.142,"0.0",19.472,"0.0",20.901,"0.0"
"343",2020-10-23 04:30:00,22.429,"0.0",22.142,"0.0",19.472,"0.0",20.901,"0.0"
"344",2020-10-23 04:45:00,22.429,"0.0",22.142,"0.0",19.472,"0.0",20.901,"0.0"
"345",2020-10-23 05:00:00,22.525,"0.0",22.142,"0.0",19.472,"0.0",20.901,"0.0"
"346",2020-10-23 05:15:00,22.525,"0.0",22.142,"0.0",19.472,"0.0",20.901,"0.0"
"347",2020-10-23 05:30:00,22.525,"0.0",22.142,"0.0",19.472,"0.0",20.901,"0.0"
"348",2020-10-23 05:45:00,22.525,"0.0",22.142,"0.0",19.472,"0.0",20.901,"0.0"
"349",2020-10-23 06:00:00,22.525,"0.0",22.142,"0.0",19.472,"224.0",20.901,"0.0"
"350",2020-10-23 06:15:00,23.292,"480.0",22.908,"432.0",21.091,"240.0",21.951,"480.0"
"351",2020-10-23 06:30:00,23.581,"464.0",22.621,"432.0",22.046,"240.0",22.238,"496.0"
"352",2020-10-23 06:45:00,23.869,"464.0",21.664,"432.0",22.525,"248.0",22.142,"496.0"
"353",2020-10-23 07:00:00,24.062,"464.0",21.091,"432.0",22.908,"240.0",22.142,"496.0"
"354",2020-10-23 07:15:00,24.255,"464.0",20.71,"432.0",23.004,"240.0",22.238,"480.0"
"355",2020-10-23 07:30:00,24.351,"464.0",20.519,"432.0",23.196,"240.0",22.333,"496.0"
"356",2020-10-23 07:45:00,24.448,"464.0",20.424,"432.0",23.292,"240.0",22.525,"480.0"
"357",2020-10-23 08:00:00,24.545,"480.0",20.424,"432.0",23.388,"248.0",22.525,"496.0"
"358",2020-10-23 08:15:00,24.448,"464.0",20.234,"432.0",23.484,"240.0",22.333,"480.0"
"359",2020-10-23 08:30:00,24.448,"464.0",20.138,"432.0",23.484,"240.0",22.333,"480.0"
"360",2020-10-23 08:45:00,24.448,"464.0",20.043,"432.0",23.581,"240.0",22.238,"496.0"
"361",2020-10-23 09:00:00,24.448,"464.0",20.043,"432.0",23.581,"248.0",22.238,"496.0"
"362",2020-10-23 09:15:00,24.448,"464.0",20.043,"432.0",23.581,"240.0",22.238,"496.0"
"363",2020-10-23 09:30:00,24.448,"464.0",19.948,"416.0",23.677,"240.0",22.238,"480.0"
"364",2020-10-23 09:45:00,24.351,"464.0",19.948,"432.0",23.677,"240.0",22.142,"480.0"
"365",2020-10-23 10:00:00,24.351,"448.0",19.948,"432.0",23.773,"240.0",22.142,"496.0"
"366",2020-10-23 10:15:00,24.351,"464.0",19.948,"416.0",23.677,"240.0",22.142,"480.0"
"367",2020-10-23 10:30:00,24.255,"464.0",19.948,"416.0",23.677,"240.0",22.142,"480.0"
"368",2020-10-23 10:45:00,24.351,"464.0",19.948,"432.0",23.677,"240.0",22.142,"480.0"
"369",2020-10-23 11:00:00,24.351,"464.0",19.948,"432.0",23.677,"240.0",22.238,"480.0"
"370",2020-10-23 11:15:00,24.255,"448.0",19.948,"432.0",23.677,"240.0",22.238,"480.0"
"371",2020-10-23 11:30:00,24.255,"464.0",19.948,"432.0",23.677,"240.0",22.238,"496.0"
"372",2020-10-23 11:45:00,24.255,"464.0",19.948,"432.0",23.677,"240.0",22.238,"480.0"
"373",2020-10-23 12:00:00,24.158,"464.0",19.948,"416.0",23.677,"240.0",22.142,"496.0"
"374",2020-10-23 12:15:00,24.351,"464.0",19.948,"432.0",23.677,"240.0",22.333,"480.0"
"375",2020-10-23 12:30:00,24.448,"464.0",19.948,"432.0",23.677,"240.0",22.429,"480.0"
"376",2020-10-23 12:45:00,24.448,"464.0",20.043,"432.0",23.581,"240.0",22.429,"480.0"
"377",2020-10-23 13:00:00,24.448,"480.0",20.138,"432.0",23.581,"240.0",22.525,"480.0"
"378",2020-10-23 13:15:00,24.448,"464.0",20.234,"432.0",23.773,"240.0",22.525,"480.0"
"379",2020-10-23 13:30:00,24.448,"464.0",20.043,"432.0",23.677,"240.0",22.429,"496.0"
"380",2020-10-23 13:45:00,24.545,"480.0",20.138,"416.0",23.677,"240.0",22.525,"480.0"
"381",2020-10-23 14:00:00,24.545,"464.0",20.138,"432.0",23.677,"240.0",22.525,"480.0"
"382",2020-10-23 14:15:00,24.545,"464.0",20.234,"432.0",23.677,"240.0",22.621,"496.0"
"383",2020-10-23 14:30:00,24.545,"464.0",20.234,"432.0",23.677,"240.0",22.621,"480.0"
"384",2020-10-23 14:45:00,24.641,"464.0",20.138,"432.0",23.677,"240.0",22.621,"480.0"
"385",2020-10-23 15:00:00,24.641,"464.0",20.138,"432.0",23.773,"248.0",22.621,"480.0"
"386",2020-10-23 15:15:00,24.545,"464.0",20.138,"432.0",23.773,"248.0",22.525,"480.0"
"387",2020-10-23 15:30:00,24.448,"464.0",20.043,"432.0",23.773,"240.0",22.333,"496.0"
"388",2020-10-23 15:45:00,24.448,"464.0",19.948,"432.0",23.677,"248.0",22.333,"480.0"
"389",2020-10-23 16:00:00,24.448,"464.0",20.043,"432.0",23.677,"240.0",22.429,"496.0"
"390",2020-10-23 16:15:00,24.448,"464.0",20.138,"432.0",23.677,"240.0",22.525,"496.0"
"391",2020-10-23 16:30:00,24.448,"464.0",20.138,"416.0",23.677,"240.0",22.525,"496.0"
"392",2020-10-23 16:45:00,24.545,"480.0",20.138,"432.0",23.677,"240.0",22.621,"496.0"
"393",2020-10-23 17:00:00,24.545,"464.0",20.138,"432.0",23.677,"240.0",22.525,"480.0"
"394",2020-10-23 17:15:00,24.351,"464.0",20.043,"432.0",23.677,"240.0",22.429,"480.0"
"395",2020-10-23 17:30:00,24.255,"464.0",19.948,"432.0",23.677,"240.0",22.333,"480.0"
"396",2020-10-23 17:45:00,24.255,"464.0",19.948,"432.0",23.677,"240.0",22.238,"480.0"
"397",2020-10-23 18:00:00,24.255,"464.0",19.948,"432.0",23.581,"19.0",22.238,"496.0"
"398",2020-10-23 18:15:00,23.388,"0.0",19.187,"0.0",22.046,"0.0",21.187,"0.0"
"399",2020-10-23 18:30:00,23.196,"0.0",19.567,"0.0",20.996,"0.0",21.091,"0.0"
"400",2020-10-23 18:45:00,23.1,"0.0",20.329,"0.0",20.424,"0.0",21.091,"0.0"
"401",2020-10-23 19:00:00,22.908,"0.0",20.901,"0.0",20.138,"0.0",21.091,"0.0"
"402",2020-10-23 19:15:00,22.812,"0.0",21.187,"0.0",19.948,"0.0",20.996,"0.0"
"403",2020-10-23 19:30:00,22.717,"0.0",21.378,"0.0",19.853,"0.0",20.996,"0.0"
"404",2020-10-23 19:45:00,22.621,"0.0",21.569,"0.0",19.758,"0.0",20.901,"0.0"
"405",2020-10-23 20:00:00,22.525,"0.0",21.664,"0.0",19.662,"0.0",20.901,"0.0"
"406",2020-10-23 20:15:00,22.525,"0.0",21.76,"0.0",19.662,"0.0",20.996,"0.0"
"407",2020-10-23 20:30:00,22.525,"0.0",21.76,"0.0",19.662,"0.0",20.996,"0.0"
"408",2020-10-23 20:45:00,22.525,"0.0",21.855,"0.0",19.567,"0.0",20.901,"0.0"
"409",2020-10-23 21:00:00,22.429,"0.0",21.855,"0.0",19.567,"0.0",20.901,"0.0"
"410",2020-10-23 21:15:00,22.429,"0.0",21.855,"0.0",19.472,"0.0",20.901,"0.0"
"411",2020-10-23 21:30:00,22.525,"0.0",21.951,"0.0",19.472,"0.0",21.091,"0.0"
"412",2020-10-23 21:45:00,22.621,"0.0",22.046,"0.0",19.472,"0.0",21.187,"0.0"
"413",2020-10-23 22:00:00,22.717,"0.0",22.142,"0.0",19.472,"0.0",21.282,"0.0"
"414",2020-10-23 22:15:00,22.717,"0.0",22.238,"0.0",19.472,"0.0",21.282,"0.0"
"415",2020-10-23 22:30:00,22.812,"0.0",22.238,"0.0",19.472,"0.0",21.378,"0.0"
"416",2020-10-23 22:45:00,22.908,"0.0",22.333,"0.0",19.567,"0.0",21.473,"0.0"
"417",2020-10-23 23:00:00,22.717,"0.0",22.333,"0.0",19.567,"0.0",21.282,"0.0"
"418",2020-10-23 23:15:00,22.717,"0.0",22.238,"0.0",19.567,"0.0",21.187,"0.0"
"419",2020-10-23 23:30:00,22.621,"0.0",22.238,"0.0",19.472,"0.0",21.091,"0.0"
"420",2020-10-23 23:45:00,22.621,"0.0",22.238,"0.0",19.472,"0.0",21.091,"0.0"
"421",2020-10-24 00:00:00,22.621,"0.0",22.238,"0.0",19.472,"0.0",21.091,"0.0"
"422",2020-10-24 00:15:00,22.621,"0.0",22.238,"0.0",19.472,"0.0",21.091,"0.0"
"423",2020-10-24 00:30:00,22.525,"0.0",22.238,"0.0",19.472,"0.0",20.996,"0.0"
"424",2020-10-24 00:45:00,22.525,"0.0",22.238,"0.0",19.472,"0.0",20.996,"0.0"
"425",2020-10-24 01:00:00,22.525,"0.0",22.238,"0.0",19.472,"0.0",20.996,"0.0"
"426",2020-10-24 01:15:00,22.525,"0.0",22.238,"0.0",19.472,"0.0",20.996,"0.0"
"427",2020-10-24 01:30:00,22.525,"0.0",22.238,"0.0",19.472,"0.0",20.996,"0.0"
"428",2020-10-24 01:45:00,22.525,"0.0",22.238,"0.0",19.472,"0.0",20.996,"0.0"
"429",2020-10-24 02:00:00,22.525,"0.0",22.238,"0.0",19.472,"0.0",20.996,"0.0"
"430",2020-10-24 02:15:00,22.525,"0.0",22.142,"0.0",19.472,"0.0",20.901,"0.0"
"431",2020-10-24 02:30:00,22.525,"0.0",22.142,"0.0",19.472,"0.0",20.901,"0.0"
"432",2020-10-24 02:45:00,22.525,"0.0",22.142,"0.0",19.472,"0.0",20.996,"0.0"
"433",2020-10-24 03:00:00,22.525,"0.0",22.142,"0.0",19.472,"0.0",20.901,"0.0"
"434",2020-10-24 03:15:00,22.525,"0.0",22.142,"0.0",19.472,"0.0",20.901,"0.0"
"435",2020-10-24 03:30:00,22.525,"0.0",22.142,"0.0",19.472,"0.0",20.901,"0.0"
"436",2020-10-24 03:45:00,22.525,"0.0",22.142,"0.0",19.472,"0.0",20.901,"0.0"
"437",2020-10-24 04:00:00,22.525,"0.0",22.142,"0.0",19.472,"0.0",20.901,"0.0"
"438",2020-10-24 04:15:00,22.525,"0.0",22.142,"0.0",19.472,"0.0",20.901,"0.0"
"439",2020-10-24 04:30:00,22.525,"0.0",22.142,"0.0",19.472,"0.0",20.901,"0.0"
"440",2020-10-24 04:45:00,22.525,"0.0",22.142,"0.0",19.472,"0.0",20.901,"0.0"
"441",2020-10-24 05:00:00,22.525,"0.0",22.142,"0.0",19.472,"0.0",20.901,"0.0"
"442",2020-10-24 05:15:00,22.525,"0.0",22.142,"0.0",19.472,"0.0",20.901,"0.0"
"443",2020-10-24 05:30:00,22.525,"0.0",22.142,"0.0",19.472,"0.0",20.901,"0.0"
"444",2020-10-24 05:45:00,22.525,"0.0",22.142,"0.0",19.472,"0.0",20.901,"0.0"
"445",2020-10-24 06:00:00,22.525,"0.0",22.142,"0.0",19.472,"224.0",20.901,"0.0"
"446",2020-10-24 06:15:00,23.292,"480.0",22.908,"448.0",21.091,"248.0",21.951,"480.0"
"447",2020-10-24 06:30:00,23.677,"464.0",22.717,"432.0",22.046,"248.0",22.238,"480.0"
"448",2020-10-24 06:45:00,23.869,"480.0",21.664,"432.0",22.525,"240.0",22.142,"496.0"
"449",2020-10-24 07:00:00,24.062,"480.0",20.996,"432.0",22.908,"248.0",22.238,"496.0"
"450",2020-10-24 07:15:00,24.158,"480.0",20.71,"432.0",23.1,"240.0",22.238,"496.0"
"451",2020-10-24 07:30:00,24.351,"480.0",20.424,"432.0",23.292,"248.0",22.238,"496.0"
"452",2020-10-24 07:45:00,24.351,"464.0",20.234,"432.0",23.388,"248.0",22.238,"480.0"
"453",2020-10-24 08:00:00,24.351,"464.0",20.138,"432.0",23.484,"248.0",22.238,"480.0"
"454",2020-10-24 08:15:00,24.448,"464.0",20.138,"448.0",23.484,"240.0",22.142,"480.0"
"455",2020-10-24 08:30:00,24.448,"464.0",20.043,"432.0",23.581,"240.0",22.142,"480.0"
"456",2020-10-24 08:45:00,24.448,"480.0",19.948,"432.0",23.677,"240.0",22.142,"480.0"
"457",2020-10-24 09:00:00,24.351,"464.0",19.948,"432.0",23.677,"240.0",22.142,"496.0"
"458",2020-10-24 09:15:00,24.448,"480.0",19.948,"432.0",23.677,"240.0",22.142,"480.0"
"459",2020-10-24 09:30:00,24.351,"464.0",19.853,"432.0",23.773,"240.0",22.046,"496.0"
"460",2020-10-24 09:45:00,24.448,"464.0",19.853,"432.0",23.677,"248.0",22.046,"480.0"
"461",2020-10-24 10:00:00,24.351,"480.0",19.758,"432.0",23.677,"240.0",22.046,"496.0"
"462",2020-10-24 10:15:00,24.351,"464.0",19.853,"432.0",23.677,"240.0",22.046,"496.0"
"463",2020-10-24 10:30:00,24.351,"464.0",19.853,"432.0",23.773,"248.0",22.046,"496.0"
"464",2020-10-24 10:45:00,24.255,"464.0",19.758,"432.0",23.773,"248.0",22.046,"480.0"
"465",2020-10-24 11:00:00,24.255,"480.0",19.853,"432.0",23.773,"240.0",22.046,"496.0"
"466",2020-10-24 11:15:00,24.255,"464.0",19.758,"432.0",23.773,"248.0",22.046,"480.0"
"467",2020-10-24 11:30:00,24.351,"464.0",19.758,"432.0",23.773,"240.0",22.046,"496.0"
"468",2020-10-24 11:45:00,24.158,"464.0",19.758,"432.0",23.773,"248.0",22.046,"496.0"
"469",2020-10-24 12:00:00,24.255,"464.0",19.758,"432.0",23.773,"240.0",22.046,"480.0"
"470",2020-10-24 12:15:00,24.351,"464.0",19.758,"432.0",23.869,"240.0",22.046,"496.0"
"471",2020-10-24 12:30:00,24.158,"464.0",19.758,"432.0",23.869,"248.0",22.046,"480.0"
"472",2020-10-24 12:45:00,24.158,"448.0",19.758,"432.0",23.869,"240.0",22.046,"480.0"
"473",2020-10-24 13:00:00,24.062,"464.0",19.853,"432.0",23.869,"240.0",22.046,"496.0"
"474",2020-10-24 13:15:00,24.255,"480.0",19.758,"432.0",23.869,"240.0",22.046,"496.0"
"475",2020-10-24 13:30:00,24.255,"464.0",19.758,"432.0",23.869,"240.0",22.046,"496.0"
"476",2020-10-24 13:45:00,24.255,"464.0",19.758,"432.0",23.869,"240.0",22.142,"496.0"
"477",2020-10-24 14:00:00,24.255,"464.0",19.758,"432.0",23.869,"248.0",22.142,"496.0"
"478",2020-10-24 14:15:00,24.255,"480.0",19.758,"432.0",23.869,"240.0",22.142,"496.0"
"479",2020-10-24 14:30:00,24.158,"480.0",19.758,"432.0",23.869,"248.0",22.142,"496.0"
"480",2020-10-24 14:45:00,24.158,"464.0",19.758,"432.0",23.869,"240.0",22.142,"496.0"
"481",2020-10-24 15:00:00,24.158,"480.0",19.758,"432.0",23.869,"248.0",22.238,"496.0"
"482",2020-10-24 15:15:00,24.158,"464.0",19.758,"432.0",23.869,"248.0",22.238,"480.0"
"483",2020-10-24 15:30:00,24.158,"480.0",19.758,"432.0",23.869,"248.0",22.142,"496.0"
"484",2020-10-24 15:45:00,24.158,"464.0",19.758,"432.0",23.869,"248.0",22.142,"496.0"
"485",2020-10-24 16:00:00,24.255,"464.0",19.758,"432.0",23.869,"248.0",22.142,"480.0"
"486",2020-10-24 16:15:00,24.062,"464.0",19.853,"432.0",23.966,"240.0",22.142,"480.0"
"487",2020-10-24 16:30:00,24.158,"464.0",19.758,"432.0",23.869,"240.0",22.142,"480.0"
"488",2020-10-24 16:45:00,24.255,"464.0",19.758,"432.0",23.966,"248.0",22.142,"496.0"
"489",2020-10-24 17:00:00,24.255,"464.0",19.662,"432.0",23.966,"248.0",22.142,"496.0"
"490",2020-10-24 17:15:00,24.158,"464.0",19.758,"432.0",23.966,"240.0",22.142,"480.0"
"491",2020-10-24 17:30:00,24.158,"464.0",19.758,"432.0",23.966,"248.0",22.142,"496.0"
"492",2020-10-24 17:45:00,24.062,"464.0",19.662,"432.0",23.966,"240.0",22.046,"496.0"
"493",2020-10-24 18:00:00,23.966,"464.0",19.758,"448.0",23.966,"18.0",22.046,"496.0"
"494",2020-10-24 18:15:00,23.292,"0.0",18.996,"0.0",22.238,"0.0",21.091,"0.0"
"495",2020-10-24 18:30:00,23.196,"0.0",19.472,"0.0",21.091,"0.0",20.996,"0.0"
"496",2020-10-24 18:45:00,23.1,"0.0",20.329,"0.0",20.615,"0.0",21.091,"0.0"
"497",2020-10-24 19:00:00,22.908,"0.0",20.805,"0.0",20.234,"0.0",20.996,"0.0"
"498",2020-10-24 19:15:00,22.717,"0.0",21.091,"0.0",20.043,"0.0",20.901,"0.0"
"499",2020-10-24 19:30:00,22.621,"0.0",21.282,"0.0",19.853,"0.0",20.901,"0.0"
"500",2020-10-24 19:45:00,22.525,"0.0",21.473,"0.0",19.853,"0.0",20.901,"0.0"
"501",2020-10-24 20:00:00,22.525,"0.0",21.569,"0.0",19.758,"0.0",20.901,"0.0"
"502",2020-10-24 20:15:00,22.525,"0.0",21.664,"0.0",19.662,"0.0",20.901,"0.0"
"503",2020-10-24 20:30:00,22.429,"0.0",21.76,"0.0",19.662,"0.0",20.901,"0.0"
"504",2020-10-24 20:45:00,22.525,"0.0",21.855,"0.0",19.662,"0.0",20.901,"0.0"
"505",2020-10-24 21:00:00,22.429,"0.0",21.855,"0.0",19.567,"0.0",20.901,"0.0"
"506",2020-10-24 21:15:00,22.429,"0.0",21.951,"0.0",19.567,"0.0",20.901,"0.0"
"507",2020-10-24 21:30:00,22.429,"0.0",21.951,"0.0",19.567,"0.0",20.901,"0.0"
"508",2020-10-24 21:45:00,22.429,"0.0",22.046,"0.0",19.567,"0.0",20.901,"0.0"
"509",2020-10-24 22:00:00,22.525,"0.0",22.046,"0.0",19.567,"0.0",20.901,"0.0"
"510",2020-10-24 22:15:00,22.429,"0.0",22.046,"0.0",19.567,"0.0",20.901,"0.0"
"511",2020-10-24 22:30:00,22.525,"0.0",22.142,"0.0",19.567,"0.0",20.901,"0.0"
"512",2020-10-24 22:45:00,22.429,"0.0",22.142,"0.0",19.567,"0.0",20.901,"0.0"
"513",2020-10-24 23:00:00,22.525,"0.0",22.142,"0.0",19.567,"0.0",20.901,"0.0"
"514",2020-10-24 23:15:00,22.525,"0.0",22.142,"0.0",19.567,"0.0",20.901,"0.0"
"515",2020-10-24 23:30:00,22.525,"0.0",22.142,"0.0",19.567,"0.0",20.901,"0.0"
"516",2020-10-24 23:45:00,22.525,"0.0",22.142,"0.0",19.567,"0.0",20.901,"0.0"
"517",2020-10-25 00:00:00,22.525,"0.0",22.142,"0.0",19.472,"0.0",20.901,"0.0"
"518",2020-10-25 00:15:00,22.525,"0.0",22.142,"0.0",19.567,"0.0",20.901,"0.0"
"519",2020-10-25 00:30:00,22.525,"0.0",22.142,"0.0",19.567,"0.0",20.901,"0.0"
"520",2020-10-25 00:45:00,22.525,"0.0",22.142,"0.0",19.472,"0.0",20.901,"0.0"
"521",2020-10-25 01:00:00,22.525,"0.0",22.238,"0.0",19.567,"0.0",20.901,"0.0"
"522",2020-10-25 01:15:00,22.525,"0.0",22.238,"0.0",19.472,"0.0",20.901,"0.0"
"523",2020-10-25 01:30:00,22.525,"0.0",22.142,"0.0",19.472,"0.0",20.901,"0.0"
"524",2020-10-25 01:45:00,22.525,"0.0",22.142,"0.0",19.472,"0.0",20.901,"0.0"
"525",2020-10-25 02:00:00,22.525,"0.0",22.142,"0.0",19.472,"0.0",20.901,"0.0"
"526",2020-10-25 02:15:00,22.525,"0.0",22.142,"0.0",19.567,"0.0",20.901,"0.0"
"527",2020-10-25 02:30:00,22.525,"0.0",22.142,"0.0",19.567,"0.0",20.901,"0.0"
"528",2020-10-25 02:45:00,22.525,"0.0",22.142,"0.0",19.567,"0.0",20.901,"0.0"
"529",2020-10-25 03:00:00,22.525,"0.0",22.142,"0.0",19.567,"0.0",20.901,"0.0"
"530",2020-10-25 03:15:00,22.525,"0.0",22.142,"0.0",19.472,"0.0",20.901,"0.0"
"531",2020-10-25 03:30:00,22.525,"0.0",22.142,"0.0",19.472,"0.0",20.901,"0.0"
"532",2020-10-25 03:45:00,22.525,"0.0",22.142,"0.0",19.567,"0.0",20.901,"0.0"
"533",2020-10-25 04:00:00,22.525,"0.0",22.142,"0.0",19.472,"0.0",20.901,"0.0"
"534",2020-10-25 04:15:00,22.525,"0.0",22.142,"0.0",19.472,"0.0",20.996,"0.0"
"535",2020-10-25 04:30:00,22.525,"0.0",22.142,"0.0",19.472,"0.0",20.996,"0.0"
"536",2020-10-25 04:45:00,22.525,"0.0",22.238,"0.0",19.472,"0.0",20.996,"0.0"
"537",2020-10-25 05:00:00,22.525,"0.0",22.238,"0.0",19.472,"0.0",20.996,"0.0"
"538",2020-10-25 05:15:00,22.525,"0.0",22.238,"0.0",19.472,"0.0",20.996,"0.0"
"539",2020-10-25 05:30:00,22.525,"0.0",22.238,"0.0",19.472,"0.0",20.996,"0.0"
"540",2020-10-25 05:45:00,22.525,"0.0",22.238,"0.0",19.472,"0.0",20.996,"0.0"
"541",2020-10-25 06:00:00,22.525,"0.0",22.238,"0.0",19.567,"224.0",20.996,"0.0"
"542",2020-10-25 06:15:00,23.292,"480.0",23.004,"448.0",21.091,"248.0",21.951,"496.0"
"543",2020-10-25 06:30:00,23.581,"464.0",22.717,"448.0",22.142,"248.0",22.238,"496.0"
"544",2020-10-25 06:45:00,23.773,"464.0",21.664,"432.0",22.717,"240.0",22.142,"496.0"
"545",2020-10-25 07:00:00,24.062,"464.0",20.996,"448.0",23.1,"248.0",22.238,"496.0"
"546",2020-10-25 07:15:00,24.255,"464.0",20.615,"432.0",23.388,"248.0",22.238,"480.0"
"547",2020-10-25 07:30:00,24.351,"464.0",20.424,"432.0",23.484,"248.0",22.333,"480.0"
"548",2020-10-25 07:45:00,24.351,"480.0",20.234,"432.0",23.677,"248.0",22.238,"496.0"
"549",2020-10-25 08:00:00,24.351,"480.0",20.138,"432.0",23.773,"248.0",22.238,"496.0"
"550",2020-10-25 08:15:00,24.351,"464.0",20.043,"432.0",23.773,"240.0",22.238,"480.0"
"551",2020-10-25 08:30:00,24.351,"464.0",20.043,"416.0",23.773,"248.0",22.238,"480.0"
"552",2020-10-25 08:45:00,24.351,"480.0",19.948,"416.0",23.869,"240.0",22.238,"480.0"
"553",2020-10-25 09:00:00,24.351,"464.0",19.948,"432.0",23.869,"240.0",22.142,"496.0"
"554",2020-10-25 09:15:00,24.351,"480.0",19.853,"432.0",23.966,"248.0",22.238,"480.0"
"555",2020-10-25 09:30:00,24.351,"464.0",19.758,"432.0",23.869,"248.0",22.142,"496.0"
"556",2020-10-25 09:45:00,24.351,"480.0",19.758,"432.0",23.966,"240.0",22.142,"480.0"
"557",2020-10-25 10:00:00,24.351,"480.0",19.758,"432.0",23.966,"240.0",22.142,"496.0"
"558",2020-10-25 10:15:00,24.351,"464.0",19.758,"432.0",23.966,"248.0",22.142,"480.0"
"559",2020-10-25 10:30:00,24.351,"464.0",19.758,"432.0",23.966,"240.0",22.142,"480.0"
"560",2020-10-25 10:45:00,24.255,"464.0",19.758,"416.0",24.062,"248.0",22.142,"480.0"
"561",2020-10-25 11:00:00,24.351,"464.0",19.758,"432.0",23.966,"248.0",22.142,"496.0"
"562",2020-10-25 11:15:00,24.255,"464.0",19.662,"432.0",24.062,"248.0",22.142,"496.0"
"563",2020-10-25 11:30:00,24.351,"464.0",19.662,"432.0",23.966,"248.0",22.142,"496.0"
"564",2020-10-25 11:45:00,24.351,"464.0",19.758,"432.0",23.966,"248.0",22.142,"480.0"
"565",2020-10-25 12:00:00,24.351,"464.0",19.662,"432.0",23.966,"248.0",22.142,"496.0"
"566",2020-10-25 12:15:00,24.255,"480.0",19.662,"432.0",24.062,"248.0",22.142,"496.0"
"567",2020-10-25 12:30:00,24.255,"464.0",19.662,"432.0",24.062,"240.0",22.142,"480.0"
"568",2020-10-25 12:45:00,24.255,"480.0",19.662,"432.0",23.966,"248.0",22.142,"480.0"
"569",2020-10-25 13:00:00,24.158,"464.0",19.758,"432.0",23.966,"248.0",22.142,"480.0"
"570",2020-10-25 13:15:00,24.062,"480.0",19.758,"432.0",23.966,"248.0",22.142,"480.0"
"571",2020-10-25 13:30:00,24.062,"464.0",19.758,"432.0",23.966,"240.0",22.142,"480.0"
"572",2020-10-25 13:45:00,24.062,"464.0",19.758,"432.0",23.966,"248.0",22.142,"480.0"
"573",2020-10-25 14:00:00,24.158,"464.0",19.662,"432.0",24.062,"240.0",22.142,"480.0"
"574",2020-10-25 14:15:00,24.255,"464.0",19.758,"432.0",23.966,"248.0",22.142,"480.0"
"575",2020-10-25 14:30:00,24.255,"464.0",19.758,"432.0",24.062,"240.0",22.142,"496.0"
"576",2020-10-25 14:45:00,24.158,"464.0",19.662,"432.0",24.062,"248.0",22.142,"480.0"
"577",2020-10-25 15:00:00,24.062,"464.0",19.662,"432.0",24.062,"240.0",22.142,"480.0"
"578",2020-10-25 15:15:00,24.158,"464.0",19.662,"432.0",24.062,"248.0",22.142,"496.0"
"579",2020-10-25 15:30:00,24.158,"480.0",19.662,"448.0",23.966,"248.0",22.142,"480.0"
"580",2020-10-25 15:45:00,24.158,"464.0",19.758,"416.0",24.062,"248.0",22.142,"496.0"
"581",2020-10-25 16:00:00,24.158,"480.0",19.758,"448.0",24.062,"248.0",22.142,"480.0"
"582",2020-10-25 16:15:00,24.158,"464.0",19.662,"432.0",24.062,"248.0",22.142,"480.0"
"583",2020-10-25 16:30:00,24.158,"464.0",19.758,"432.0",23.966,"240.0",22.142,"480.0"
"584",2020-10-25 16:45:00,24.062,"464.0",19.758,"432.0",24.062,"248.0",22.142,"480.0"
"585",2020-10-25 17:00:00,23.966,"480.0",19.758,"448.0",24.062,"248.0",22.142,"480.0"
"586",2020-10-25 17:15:00,23.966,"480.0",19.853,"432.0",24.062,"248.0",22.142,"496.0"
"587",2020-10-25 17:30:00,23.966,"480.0",19.758,"432.0",24.062,"240.0",22.142,"480.0"
"588",2020-10-25 17:45:00,24.062,"480.0",19.853,"448.0",24.062,"240.0",22.142,"496.0"
"589",2020-10-25 18:00:00,23.966,"464.0",19.853,"432.0",24.062,"19.0",22.142,"496.0"
"590",2020-10-25 18:15:00,23.292,"0.0",19.187,"0.0",22.333,"0.0",21.187,"0.0"
"591",2020-10-25 18:30:00,23.196,"0.0",19.472,"0.0",21.187,"0.0",21.091,"0.0"
"592",2020-10-25 18:45:00,23.1,"0.0",20.329,"0.0",20.615,"0.0",21.091,"0.0"
"593",2020-10-25 19:00:00,22.908,"0.0",20.805,"0.0",20.329,"0.0",20.996,"0.0"
"594",2020-10-25 19:15:00,22.812,"0.0",21.187,"0.0",20.138,"0.0",20.996,"0.0"
"595",2020-10-25 19:30:00,22.717,"0.0",21.378,"0.0",19.948,"0.0",20.996,"0.0"
"596",2020-10-25 19:45:00,22.621,"0.0",21.569,"0.0",19.853,"0.0",20.996,"0.0"
"597",2020-10-25 20:00:00,22.621,"0.0",21.664,"0.0",19.758,"0.0",20.996,"0.0"
"598",2020-10-25 20:15:00,22.525,"0.0",21.76,"0.0",19.758,"0.0",20.996,"0.0"
"599",2020-10-25 20:30:00,22.525,"0.0",21.855,"0.0",19.662,"0.0",20.996,"0.0"
"600",2020-10-25 20:45:00,22.525,"0.0",21.855,"0.0",19.662,"0.0",20.996,"0.0"
"601",2020-10-25 21:00:00,22.525,"0.0",21.951,"0.0",19.662,"0.0",20.996,"0.0"
"602",2020-10-25 21:15:00,22.525,"0.0",22.046,"0.0",19.567,"0.0",20.996,"0.0"
"603",2020-10-25 21:30:00,22.525,"0.0",22.046,"0.0",19.567,"0.0",20.996,"0.0"
"604",2020-10-25 21:45:00,22.525,"0.0",22.046,"0.0",19.567,"0.0",20.996,"0.0"
"605",2020-10-25 22:00:00,22.525,"0.0",22.142,"0.0",19.567,"0.0",20.996,"0.0"
"606",2020-10-25 22:15:00,22.525,"0.0",22.142,"0.0",19.567,"0.0",20.996,"0.0"
"607",2020-10-25 22:30:00,22.525,"0.0",22.142,"0.0",19.567,"0.0",20.996,"0.0"
"608",2020-10-25 22:45:00,22.525,"0.0",22.142,"0.0",19.567,"0.0",20.996,"0.0"
"609",2020-10-25 23:00:00,22.525,"0.0",22.142,"0.0",19.567,"0.0",20.996,"0.0"
"610",2020-10-25 23:15:00,22.525,"0.0",22.238,"0.0",19.567,"0.0",20.996,"0.0"
"611",2020-10-25 23:30:00,22.525,"0.0",22.238,"0.0",19.567,"0.0",20.996,"0.0"
"612",2020-10-25 23:45:00,22.525,"0.0",22.238,"0.0",19.567,"0.0",20.901,"0.0"
"613",2020-10-26 00:00:00,22.525,"0.0",22.238,"0.0",19.567,"0.0",20.901,"0.0"
"614",2020-10-26 00:15:00,22.525,"0.0",22.238,"0.0",19.567,"0.0",20.996,"0.0"
"615",2020-10-26 00:30:00,22.525,"0.0",22.238,"0.0",19.567,"0.0",20.901,"0.0"
"616",2020-10-26 00:45:00,22.525,"0.0",22.238,"0.0",19.567,"0.0",20.901,"0.0"
"617",2020-10-26 01:00:00,22.525,"0.0",22.238,"0.0",19.567,"0.0",20.901,"0.0"
"618",2020-10-26 01:15:00,22.525,"0.0",22.238,"0.0",19.567,"0.0",20.901,"0.0"
"619",2020-10-26 01:30:00,22.525,"0.0",22.238,"0.0",19.567,"0.0",20.901,"0.0"
"620",2020-10-26 01:45:00,22.525,"0.0",22.238,"0.0",19.567,"0.0",20.996,"0.0"
"621",2020-10-26 02:00:00,22.525,"0.0",22.238,"0.0",19.567,"0.0",20.901,"0.0"
"622",2020-10-26 02:15:00,22.525,"0.0",22.142,"0.0",19.567,"0.0",20.901,"0.0"
"623",2020-10-26 02:30:00,22.429,"0.0",22.142,"0.0",19.567,"0.0",20.901,"0.0"
"624",2020-10-26 02:45:00,22.429,"0.0",22.142,"0.0",19.567,"0.0",20.901,"0.0"
"625",2020-10-26 03:00:00,22.525,"0.0",22.142,"0.0",19.567,"0.0",20.901,"0.0"
"626",2020-10-26 03:15:00,22.525,"0.0",22.142,"0.0",19.567,"0.0",20.901,"0.0"
"627",2020-10-26 03:30:00,22.429,"0.0",22.142,"0.0",19.567,"0.0",20.901,"0.0"
"628",2020-10-26 03:45:00,22.429,"0.0",22.142,"0.0",19.567,"0.0",20.901,"0.0"
"629",2020-10-26 04:00:00,22.525,"0.0",22.142,"0.0",19.567,"0.0",20.901,"0.0"
"630",2020-10-26 04:15:00,22.525,"0.0",22.142,"0.0",19.567,"0.0",20.901,"0.0"
"631",2020-10-26 04:30:00,22.525,"0.0",22.142,"0.0",19.567,"0.0",20.901,"0.0"
"632",2020-10-26 04:45:00,22.525,"0.0",22.142,"0.0",19.567,"0.0",20.901,"0.0"
"633",2020-10-26 05:00:00,22.429,"0.0",22.142,"0.0",19.567,"0.0",20.901,"0.0"
"634",2020-10-26 05:15:00,22.525,"0.0",22.142,"0.0",19.567,"0.0",20.901,"0.0"
"635",2020-10-26 05:30:00,22.525,"0.0",22.142,"0.0",19.567,"0.0",20.901,"0.0"
"636",2020-10-26 05:45:00,22.525,"0.0",22.142,"0.0",19.567,"0.0",20.901,"0.0"
"637",2020-10-26 06:00:00,22.525,"0.0",22.238,"0.0",19.567,"224.0",20.901,"0.0"
"638",2020-10-26 06:15:00,23.292,"496.0",23.004,"448.0",21.187,"248.0",21.855,"480.0"
"639",2020-10-26 06:30:00,23.484,"480.0",22.621,"432.0",22.142,"248.0",22.238,"496.0"
"640",2020-10-26 06:45:00,23.773,"480.0",21.664,"432.0",22.812,"248.0",22.142,"496.0"
"641",2020-10-26 07:00:00,24.062,"480.0",20.996,"432.0",23.196,"248.0",22.142,"496.0"
"642",2020-10-26 07:15:00,24.158,"480.0",20.615,"432.0",23.484,"248.0",22.238,"496.0"
"643",2020-10-26 07:30:00,24.255,"464.0",20.329,"432.0",23.581,"248.0",22.238,"496.0"
"644",2020-10-26 07:45:00,24.351,"480.0",20.138,"432.0",23.773,"248.0",22.238,"480.0"
"645",2020-10-26 08:00:00,24.448,"480.0",20.138,"432.0",23.773,"248.0",22.429,"496.0"
"646",2020-10-26 08:15:00,24.545,"480.0",20.138,"432.0",23.869,"248.0",22.525,"496.0"
"647",2020-10-26 08:30:00,24.545,"464.0",20.043,"432.0",23.966,"248.0",22.429,"496.0"
"648",2020-10-26 08:45:00,24.448,"464.0",20.043,"432.0",23.966,"248.0",22.333,"480.0"
"649",2020-10-26 09:00:00,24.448,"480.0",19.948,"432.0",23.966,"248.0",22.238,"496.0"
"650",2020-10-26 09:15:00,24.448,"480.0",19.948,"432.0",23.966,"248.0",22.429,"480.0"
"651",2020-10-26 09:30:00,24.545,"464.0",20.043,"432.0",24.062,"248.0",22.525,"496.0"
"652",2020-10-26 09:45:00,24.641,"480.0",20.043,"432.0",23.966,"248.0",22.621,"496.0"
"653",2020-10-26 10:00:00,24.641,"464.0",20.043,"432.0",24.062,"248.0",22.621,"496.0"
"654",2020-10-26 10:15:00,24.641,"480.0",20.043,"432.0",24.062,"248.0",22.621,"496.0"
"655",2020-10-26 10:30:00,24.641,"464.0",20.043,"432.0",24.062,"248.0",22.621,"496.0"
"656",2020-10-26 10:45:00,24.641,"480.0",20.043,"432.0",24.062,"248.0",22.525,"496.0"
"657",2020-10-26 11:00:00,24.738,"464.0",20.043,"432.0",23.966,"248.0",22.621,"480.0"
"658",2020-10-26 11:15:00,24.738,"480.0",20.138,"432.0",24.062,"240.0",22.621,"496.0"
"659",2020-10-26 11:30:00,24.738,"480.0",20.043,"432.0",24.062,"240.0",22.621,"496.0"
"660",2020-10-26 11:45:00,24.738,"480.0",20.138,"448.0",23.869,"576.0",22.717,"496.0"
"661",2020-10-26 12:00:00,24.641,"480.0",20.043,"448.0",23.196,"27.0",22.621,"480.0"
