"","timestamp","Raw.Temp","Light.Lumen"
"7",2020-10-05 15:00:00,17.284,"200.0"
"8",2020-10-05 15:15:00,17.284,"208.0"
"9",2020-10-05 15:30:00,17.284,"208.0"
"10",2020-10-05 15:45:00,17.284,"200.0"
"11",2020-10-05 16:00:00,17.284,"200.0"
"12",2020-10-05 16:15:00,17.284,"200.0"
"13",2020-10-05 16:30:00,17.284,"208.0"
"14",2020-10-05 16:45:00,17.284,"208.0"
"15",2020-10-05 17:00:00,17.284,"208.0"
"16",2020-10-05 17:15:00,17.284,"200.0"
"17",2020-10-05 17:30:00,17.284,"208.0"
"18",2020-10-05 17:45:00,17.284,"200.0"
"19",2020-10-05 18:00:00,17.284,"208.0"
"20",2020-10-05 18:15:00,17.284,"0.0"
"21",2020-10-05 18:30:00,18.236,"0.0"
"22",2020-10-05 18:45:00,18.996,"0.0"
"23",2020-10-05 19:00:00,19.377,"0.0"
"24",2020-10-05 19:15:00,19.758,"0.0"
"25",2020-10-05 19:30:00,20.043,"0.0"
"26",2020-10-05 19:45:00,20.138,"0.0"
"27",2020-10-05 20:00:00,20.329,"0.0"
"28",2020-10-05 20:15:00,20.329,"0.0"
"29",2020-10-05 20:30:00,20.424,"0.0"
"30",2020-10-05 20:45:00,20.519,"0.0"
"31",2020-10-05 21:00:00,20.615,"0.0"
"32",2020-10-05 21:15:00,20.615,"0.0"
"33",2020-10-05 21:30:00,20.71,"0.0"
"34",2020-10-05 21:45:00,20.71,"0.0"
"35",2020-10-05 22:00:00,20.71,"0.0"
"36",2020-10-05 22:15:00,20.71,"0.0"
"37",2020-10-05 22:30:00,20.805,"0.0"
"38",2020-10-05 22:45:00,20.805,"0.0"
"39",2020-10-05 23:00:00,20.805,"0.0"
"40",2020-10-05 23:15:00,20.805,"0.0"
"41",2020-10-05 23:30:00,20.805,"0.0"
"42",2020-10-05 23:45:00,20.805,"0.0"
"43",2020-10-06 00:00:00,20.805,"0.0"
"44",2020-10-06 00:15:00,20.805,"0.0"
"45",2020-10-06 00:30:00,20.805,"0.0"
"46",2020-10-06 00:45:00,20.805,"0.0"
"47",2020-10-06 01:00:00,20.805,"0.0"
"48",2020-10-06 01:15:00,20.805,"0.0"
"49",2020-10-06 01:30:00,20.805,"0.0"
"50",2020-10-06 01:45:00,20.805,"0.0"
"51",2020-10-06 02:00:00,20.805,"0.0"
"52",2020-10-06 02:15:00,20.805,"0.0"
"53",2020-10-06 02:30:00,20.805,"0.0"
"54",2020-10-06 02:45:00,20.805,"0.0"
"55",2020-10-06 03:00:00,20.805,"0.0"
"56",2020-10-06 03:15:00,20.805,"0.0"
"57",2020-10-06 03:30:00,20.805,"0.0"
"58",2020-10-06 03:45:00,20.805,"0.0"
"59",2020-10-06 04:00:00,20.805,"0.0"
"60",2020-10-06 04:15:00,20.805,"0.0"
"61",2020-10-06 04:30:00,20.805,"0.0"
"62",2020-10-06 04:45:00,20.805,"0.0"
"63",2020-10-06 05:00:00,20.805,"0.0"
"64",2020-10-06 05:15:00,20.805,"0.0"
"65",2020-10-06 05:30:00,20.805,"0.0"
"66",2020-10-06 05:45:00,20.805,"0.0"
"67",2020-10-06 06:00:00,20.805,"0.0"
"68",2020-10-06 06:15:00,20.901,"208.0"
"69",2020-10-06 06:30:00,19.662,"208.0"
"70",2020-10-06 06:45:00,18.616,"208.0"
"71",2020-10-06 07:00:00,18.045,"208.0"
"72",2020-10-06 07:15:00,17.665,"200.0"
"73",2020-10-06 07:30:00,17.57,"200.0"
"74",2020-10-06 07:45:00,17.475,"200.0"
"75",2020-10-06 08:00:00,17.284,"200.0"
"76",2020-10-06 08:15:00,17.189,"200.0"
"77",2020-10-06 08:30:00,17.094,"200.0"
"78",2020-10-06 08:45:00,16.999,"200.0"
"79",2020-10-06 09:00:00,17.094,"208.0"
"80",2020-10-06 09:15:00,17.189,"208.0"
"81",2020-10-06 09:30:00,17.189,"200.0"
"82",2020-10-06 09:45:00,17.189,"208.0"
"83",2020-10-06 10:00:00,17.189,"200.0"
"84",2020-10-06 10:15:00,17.094,"200.0"
"85",2020-10-06 10:30:00,16.999,"208.0"
"86",2020-10-06 10:45:00,16.999,"208.0"
"87",2020-10-06 11:00:00,16.903,"200.0"
"88",2020-10-06 11:15:00,16.999,"200.0"
"89",2020-10-06 11:30:00,17.094,"208.0"
"90",2020-10-06 11:45:00,17.094,"208.0"
"91",2020-10-06 12:00:00,17.094,"200.0"
"92",2020-10-06 12:15:00,17.189,"200.0"
"93",2020-10-06 12:30:00,16.903,"208.0"
"94",2020-10-06 12:45:00,16.999,"208.0"
"95",2020-10-06 13:00:00,17.094,"208.0"
"96",2020-10-06 13:15:00,17.189,"208.0"
"97",2020-10-06 13:30:00,17.189,"200.0"
"98",2020-10-06 13:45:00,17.189,"200.0"
"99",2020-10-06 14:00:00,17.189,"208.0"
"100",2020-10-06 14:15:00,17.189,"208.0"
"101",2020-10-06 14:30:00,17.189,"208.0"
"102",2020-10-06 14:45:00,17.189,"208.0"
"103",2020-10-06 15:00:00,17.189,"208.0"
"104",2020-10-06 15:15:00,17.189,"200.0"
"105",2020-10-06 15:30:00,17.189,"208.0"
"106",2020-10-06 15:45:00,17.189,"208.0"
"107",2020-10-06 16:00:00,17.189,"208.0"
"108",2020-10-06 16:15:00,17.189,"200.0"
"109",2020-10-06 16:30:00,17.189,"208.0"
"110",2020-10-06 16:45:00,17.094,"200.0"
"111",2020-10-06 17:00:00,16.903,"200.0"
"112",2020-10-06 17:15:00,17.094,"200.0"
"113",2020-10-06 17:30:00,17.189,"200.0"
"114",2020-10-06 17:45:00,17.284,"208.0"
"115",2020-10-06 18:00:00,17.189,"208.0"
"116",2020-10-06 18:15:00,17.094,"0.0"
"117",2020-10-06 18:30:00,18.14,"0.0"
"118",2020-10-06 18:45:00,18.996,"0.0"
"119",2020-10-06 19:00:00,19.377,"0.0"
"120",2020-10-06 19:15:00,19.662,"0.0"
"121",2020-10-06 19:30:00,19.948,"0.0"
"122",2020-10-06 19:45:00,20.138,"0.0"
"123",2020-10-06 20:00:00,20.234,"0.0"
"124",2020-10-06 20:15:00,20.329,"0.0"
"125",2020-10-06 20:30:00,20.424,"0.0"
"126",2020-10-06 20:45:00,20.519,"0.0"
"127",2020-10-06 21:00:00,20.519,"0.0"
"128",2020-10-06 21:15:00,20.615,"0.0"
"129",2020-10-06 21:30:00,20.615,"0.0"
"130",2020-10-06 21:45:00,20.615,"0.0"
"131",2020-10-06 22:00:00,20.71,"0.0"
"132",2020-10-06 22:15:00,20.71,"0.0"
"133",2020-10-06 22:30:00,20.71,"0.0"
"134",2020-10-06 22:45:00,20.71,"0.0"
"135",2020-10-06 23:00:00,20.71,"0.0"
"136",2020-10-06 23:15:00,20.805,"0.0"
"137",2020-10-06 23:30:00,20.805,"0.0"
"138",2020-10-06 23:45:00,20.805,"0.0"
"139",2020-10-07 00:00:00,20.805,"0.0"
"140",2020-10-07 00:15:00,20.805,"0.0"
"141",2020-10-07 00:30:00,20.805,"0.0"
"142",2020-10-07 00:45:00,20.805,"0.0"
"143",2020-10-07 01:00:00,20.805,"0.0"
"144",2020-10-07 01:15:00,20.805,"0.0"
"145",2020-10-07 01:30:00,20.805,"0.0"
"146",2020-10-07 01:45:00,20.805,"0.0"
"147",2020-10-07 02:00:00,20.805,"0.0"
"148",2020-10-07 02:15:00,20.805,"0.0"
"149",2020-10-07 02:30:00,20.805,"0.0"
"150",2020-10-07 02:45:00,20.805,"0.0"
"151",2020-10-07 03:00:00,20.805,"0.0"
"152",2020-10-07 03:15:00,20.805,"0.0"
"153",2020-10-07 03:30:00,20.805,"0.0"
"154",2020-10-07 03:45:00,20.805,"0.0"
"155",2020-10-07 04:00:00,20.805,"0.0"
"156",2020-10-07 04:15:00,20.805,"0.0"
"157",2020-10-07 04:30:00,20.805,"0.0"
"158",2020-10-07 04:45:00,20.805,"0.0"
"159",2020-10-07 05:00:00,20.805,"0.0"
"160",2020-10-07 05:15:00,20.805,"0.0"
"161",2020-10-07 05:30:00,20.805,"0.0"
"162",2020-10-07 05:45:00,20.805,"0.0"
"163",2020-10-07 06:00:00,20.805,"0.0"
"164",2020-10-07 06:15:00,20.901,"208.0"
"165",2020-10-07 06:30:00,19.758,"208.0"
"166",2020-10-07 06:45:00,18.711,"208.0"
"167",2020-10-07 07:00:00,18.14,"208.0"
"168",2020-10-07 07:15:00,17.76,"208.0"
"169",2020-10-07 07:30:00,17.57,"200.0"
"170",2020-10-07 07:45:00,17.475,"208.0"
"171",2020-10-07 08:00:00,17.284,"200.0"
"172",2020-10-07 08:15:00,17.284,"200.0"
"173",2020-10-07 08:30:00,17.189,"208.0"
"174",2020-10-07 08:45:00,17.189,"208.0"
"175",2020-10-07 09:00:00,17.189,"200.0"
"176",2020-10-07 09:15:00,17.284,"208.0"
"177",2020-10-07 09:30:00,17.379,"208.0"
"178",2020-10-07 09:45:00,17.379,"208.0"
"179",2020-10-07 10:00:00,17.284,"208.0"
"180",2020-10-07 10:15:00,17.284,"208.0"
"181",2020-10-07 10:30:00,17.284,"208.0"
"182",2020-10-07 10:45:00,17.284,"200.0"
"183",2020-10-07 11:00:00,17.284,"176.0"
"184",2020-10-07 11:15:00,17.189,"208.0"
"185",2020-10-07 11:30:00,17.284,"200.0"
"190",2020-10-07 11:45:00,21.855,"216.0"
"191",2020-10-07 12:00:00,22.621,"1.0"
"192",2020-10-07 12:15:00,11.722,"2.0"
"193",2020-10-07 12:30:00,11.819,"2.0"
"194",2020-10-07 12:45:00,20.71,"2.0"
"195",2020-10-07 13:00:00,24.641,"2.0"
"196",2020-10-07 13:15:00,24.641,"2.0"
"197",2020-10-07 13:30:00,29.853,"1.0"
"198",2020-10-07 13:45:00,30.054,"2.0"
"199",2020-10-07 14:00:00,29.953,"2.0"
"200",2020-10-07 14:15:00,29.853,"2.0"
"201",2020-10-07 14:30:00,29.752,"2.0"
"202",2020-10-07 14:45:00,23.196,"272.0"
"203",2020-10-07 15:00:00,19.472,"272.0"
"204",2020-10-07 15:15:00,19.092,"272.0"
"205",2020-10-07 15:30:00,19.092,"272.0"
"206",2020-10-07 15:45:00,19.092,"272.0"
"207",2020-10-07 16:00:00,19.092,"272.0"
"208",2020-10-07 16:15:00,19.092,"272.0"
"209",2020-10-07 16:30:00,19.092,"272.0"
"210",2020-10-07 16:45:00,19.187,"272.0"
"211",2020-10-07 17:00:00,19.282,"272.0"
"212",2020-10-07 17:15:00,19.187,"272.0"
"213",2020-10-07 17:30:00,19.092,"272.0"
"214",2020-10-07 17:45:00,19.092,"272.0"
"215",2020-10-07 18:00:00,19.092,"272.0"
"216",2020-10-07 18:15:00,18.901,"0.0"
"217",2020-10-07 18:30:00,19.853,"0.0"
"218",2020-10-07 18:45:00,20.615,"0.0"
"219",2020-10-07 19:00:00,21.091,"0.0"
"220",2020-10-07 19:15:00,21.378,"0.0"
"221",2020-10-07 19:30:00,21.569,"0.0"
"222",2020-10-07 19:45:00,21.76,"0.0"
"223",2020-10-07 20:00:00,21.855,"0.0"
"224",2020-10-07 20:15:00,21.855,"0.0"
"225",2020-10-07 20:30:00,21.951,"0.0"
"226",2020-10-07 20:45:00,22.046,"0.0"
"227",2020-10-07 21:00:00,22.046,"0.0"
"228",2020-10-07 21:15:00,22.046,"0.0"
"229",2020-10-07 21:30:00,22.046,"0.0"
"230",2020-10-07 21:45:00,22.142,"0.0"
"231",2020-10-07 22:00:00,22.142,"0.0"
"232",2020-10-07 22:15:00,22.142,"0.0"
"233",2020-10-07 22:30:00,22.142,"0.0"
"234",2020-10-07 22:45:00,22.142,"0.0"
"235",2020-10-07 23:00:00,22.142,"0.0"
"236",2020-10-07 23:15:00,22.238,"0.0"
"237",2020-10-07 23:30:00,22.238,"0.0"
"238",2020-10-07 23:45:00,22.238,"0.0"
"239",2020-10-08 00:00:00,22.238,"0.0"
"240",2020-10-08 00:15:00,22.238,"0.0"
"241",2020-10-08 00:30:00,22.238,"0.0"
"242",2020-10-08 00:45:00,22.238,"0.0"
"243",2020-10-08 01:00:00,22.238,"0.0"
"244",2020-10-08 01:15:00,22.238,"0.0"
"245",2020-10-08 01:30:00,22.238,"0.0"
"246",2020-10-08 01:45:00,22.238,"0.0"
"247",2020-10-08 02:00:00,22.238,"0.0"
"248",2020-10-08 02:15:00,22.238,"0.0"
"249",2020-10-08 02:30:00,22.238,"0.0"
"250",2020-10-08 02:45:00,22.238,"0.0"
"251",2020-10-08 03:00:00,22.238,"0.0"
"252",2020-10-08 03:15:00,22.238,"0.0"
"253",2020-10-08 03:30:00,22.238,"0.0"
"254",2020-10-08 03:45:00,22.238,"0.0"
"255",2020-10-08 04:00:00,22.238,"0.0"
"256",2020-10-08 04:15:00,22.238,"0.0"
"257",2020-10-08 04:30:00,22.238,"0.0"
"258",2020-10-08 04:45:00,22.238,"0.0"
"259",2020-10-08 05:00:00,22.238,"0.0"
"260",2020-10-08 05:15:00,22.238,"0.0"
"261",2020-10-08 05:30:00,22.238,"0.0"
"262",2020-10-08 05:45:00,22.238,"0.0"
"263",2020-10-08 06:00:00,22.238,"0.0"
"264",2020-10-08 06:15:00,22.429,"288.0"
"265",2020-10-08 06:30:00,21.473,"272.0"
"266",2020-10-08 06:45:00,20.519,"288.0"
"267",2020-10-08 07:00:00,19.948,"272.0"
"268",2020-10-08 07:15:00,19.567,"272.0"
"269",2020-10-08 07:30:00,19.377,"272.0"
"270",2020-10-08 07:45:00,19.282,"272.0"
"271",2020-10-08 08:00:00,19.187,"272.0"
"272",2020-10-08 08:15:00,19.092,"272.0"
"273",2020-10-08 08:30:00,19.092,"272.0"
"274",2020-10-08 08:45:00,19.187,"272.0"
"275",2020-10-08 09:00:00,19.282,"288.0"
"276",2020-10-08 09:15:00,19.282,"288.0"
"277",2020-10-08 09:30:00,19.282,"272.0"
"278",2020-10-08 09:45:00,19.282,"272.0"
"279",2020-10-08 10:00:00,19.282,"272.0"
"280",2020-10-08 10:15:00,19.282,"272.0"
"281",2020-10-08 10:30:00,19.282,"272.0"
"282",2020-10-08 10:45:00,19.187,"288.0"
"283",2020-10-08 11:00:00,19.187,"272.0"
"284",2020-10-08 11:15:00,19.187,"272.0"
"285",2020-10-08 11:30:00,19.187,"288.0"
"286",2020-10-08 11:45:00,19.282,"272.0"
"287",2020-10-08 12:00:00,19.187,"272.0"
"288",2020-10-08 12:15:00,19.187,"272.0"
"289",2020-10-08 12:30:00,19.187,"272.0"
"290",2020-10-08 12:45:00,19.187,"272.0"
"291",2020-10-08 13:00:00,19.187,"272.0"
"292",2020-10-08 13:15:00,19.187,"272.0"
"293",2020-10-08 13:30:00,19.187,"272.0"
"294",2020-10-08 13:45:00,19.187,"272.0"
"295",2020-10-08 14:00:00,19.092,"272.0"
"296",2020-10-08 14:15:00,19.092,"272.0"
"297",2020-10-08 14:30:00,19.187,"272.0"
"298",2020-10-08 14:45:00,19.187,"272.0"
"299",2020-10-08 15:00:00,19.092,"272.0"
"300",2020-10-08 15:15:00,19.187,"288.0"
"301",2020-10-08 15:30:00,19.187,"272.0"
"302",2020-10-08 15:45:00,19.187,"272.0"
"303",2020-10-08 16:00:00,19.187,"272.0"
"304",2020-10-08 16:15:00,19.092,"272.0"
"305",2020-10-08 16:30:00,19.092,"272.0"
"306",2020-10-08 16:45:00,19.092,"272.0"
"307",2020-10-08 17:00:00,18.996,"272.0"
"308",2020-10-08 17:15:00,18.996,"272.0"
"309",2020-10-08 17:30:00,18.996,"272.0"
"310",2020-10-08 17:45:00,18.996,"272.0"
"311",2020-10-08 18:00:00,18.996,"272.0"
"312",2020-10-08 18:15:00,18.806,"0.0"
"313",2020-10-08 18:30:00,19.853,"0.0"
"314",2020-10-08 18:45:00,20.615,"0.0"
"315",2020-10-08 19:00:00,21.091,"0.0"
"316",2020-10-08 19:15:00,21.378,"0.0"
"317",2020-10-08 19:30:00,21.569,"0.0"
"318",2020-10-08 19:45:00,21.664,"0.0"
"319",2020-10-08 20:00:00,21.76,"0.0"
"320",2020-10-08 20:15:00,21.855,"0.0"
"321",2020-10-08 20:30:00,21.951,"0.0"
"322",2020-10-08 20:45:00,21.951,"0.0"
"323",2020-10-08 21:00:00,22.046,"0.0"
"324",2020-10-08 21:15:00,22.046,"0.0"
"325",2020-10-08 21:30:00,22.046,"0.0"
"326",2020-10-08 21:45:00,22.142,"0.0"
"327",2020-10-08 22:00:00,22.142,"0.0"
"328",2020-10-08 22:15:00,22.142,"0.0"
"329",2020-10-08 22:30:00,22.238,"0.0"
"330",2020-10-08 22:45:00,22.238,"0.0"
"331",2020-10-08 23:00:00,22.238,"0.0"
"332",2020-10-08 23:15:00,22.238,"0.0"
"333",2020-10-08 23:30:00,22.238,"0.0"
"334",2020-10-08 23:45:00,22.238,"0.0"
"335",2020-10-09 00:00:00,22.238,"0.0"
"336",2020-10-09 00:15:00,22.238,"0.0"
"337",2020-10-09 00:30:00,22.238,"0.0"
"338",2020-10-09 00:45:00,22.238,"0.0"
"339",2020-10-09 01:00:00,22.238,"0.0"
"340",2020-10-09 01:15:00,22.238,"0.0"
"341",2020-10-09 01:30:00,22.238,"0.0"
"342",2020-10-09 01:45:00,22.238,"0.0"
"343",2020-10-09 02:00:00,22.238,"0.0"
"344",2020-10-09 02:15:00,22.238,"0.0"
"345",2020-10-09 02:30:00,22.238,"0.0"
"346",2020-10-09 02:45:00,22.238,"0.0"
"347",2020-10-09 03:00:00,22.238,"0.0"
"348",2020-10-09 03:15:00,22.238,"0.0"
"349",2020-10-09 03:30:00,22.238,"0.0"
"350",2020-10-09 03:45:00,22.238,"0.0"
"351",2020-10-09 04:00:00,22.238,"0.0"
"352",2020-10-09 04:15:00,22.238,"0.0"
"353",2020-10-09 04:30:00,22.238,"0.0"
"354",2020-10-09 04:45:00,22.238,"0.0"
"355",2020-10-09 05:00:00,22.238,"0.0"
"356",2020-10-09 05:15:00,22.238,"0.0"
"357",2020-10-09 05:30:00,22.238,"0.0"
"358",2020-10-09 05:45:00,22.238,"0.0"
"359",2020-10-09 06:00:00,22.238,"0.0"
"360",2020-10-09 06:15:00,22.429,"288.0"
"361",2020-10-09 06:30:00,21.569,"288.0"
"362",2020-10-09 06:45:00,20.615,"272.0"
"363",2020-10-09 07:00:00,20.043,"288.0"
"364",2020-10-09 07:15:00,19.567,"272.0"
"365",2020-10-09 07:30:00,19.282,"288.0"
"366",2020-10-09 07:45:00,19.187,"272.0"
"367",2020-10-09 08:00:00,18.996,"272.0"
"368",2020-10-09 08:15:00,18.996,"272.0"
"369",2020-10-09 08:30:00,18.901,"272.0"
"370",2020-10-09 08:45:00,18.901,"288.0"
"371",2020-10-09 09:00:00,18.901,"272.0"
"372",2020-10-09 09:15:00,18.996,"272.0"
"373",2020-10-09 09:30:00,19.092,"272.0"
"374",2020-10-09 09:45:00,19.092,"272.0"
"375",2020-10-09 10:00:00,18.996,"272.0"
"376",2020-10-09 10:15:00,18.996,"272.0"
"377",2020-10-09 10:30:00,18.996,"272.0"
"378",2020-10-09 10:45:00,18.996,"288.0"
"379",2020-10-09 11:00:00,18.996,"272.0"
"380",2020-10-09 11:15:00,18.996,"272.0"
"381",2020-10-09 11:30:00,18.996,"272.0"
"382",2020-10-09 11:45:00,19.092,"272.0"
"383",2020-10-09 12:00:00,19.092,"272.0"
"384",2020-10-09 12:15:00,19.187,"288.0"
"385",2020-10-09 12:30:00,19.187,"288.0"
"386",2020-10-09 12:45:00,19.187,"272.0"
"390",2020-10-09 13:00:00,19.948,"160.0"
"391",2020-10-09 13:15:00,19.377,"208.0"
"392",2020-10-09 13:30:00,19.187,"208.0"
"393",2020-10-09 13:45:00,19.092,"216.0"
"394",2020-10-09 14:00:00,19.187,"216.0"
"395",2020-10-09 14:15:00,19.187,"216.0"
"396",2020-10-09 14:30:00,19.187,"216.0"
"397",2020-10-09 14:45:00,19.092,"208.0"
"398",2020-10-09 15:00:00,19.092,"208.0"
"399",2020-10-09 15:15:00,19.092,"208.0"
"400",2020-10-09 15:30:00,18.901,"208.0"
"401",2020-10-09 15:45:00,19.092,"208.0"
"402",2020-10-09 16:00:00,19.187,"208.0"
"403",2020-10-09 16:15:00,19.187,"200.0"
"404",2020-10-09 16:30:00,19.187,"208.0"
"405",2020-10-09 16:45:00,19.187,"208.0"
"406",2020-10-09 17:00:00,19.187,"208.0"
"407",2020-10-09 17:15:00,19.092,"208.0"
"408",2020-10-09 17:30:00,19.092,"208.0"
"409",2020-10-09 17:45:00,18.996,"208.0"
"410",2020-10-09 18:00:00,18.996,"208.0"
"411",2020-10-09 18:15:00,18.901,"0.0"
"412",2020-10-09 18:30:00,19.853,"0.0"
"413",2020-10-09 18:45:00,20.615,"0.0"
"414",2020-10-09 19:00:00,20.996,"0.0"
"415",2020-10-09 19:15:00,21.282,"0.0"
"416",2020-10-09 19:30:00,21.473,"0.0"
"417",2020-10-09 19:45:00,21.664,"0.0"
"418",2020-10-09 20:00:00,21.76,"0.0"
"419",2020-10-09 20:15:00,21.855,"0.0"
"420",2020-10-09 20:30:00,21.855,"0.0"
"421",2020-10-09 20:45:00,21.951,"0.0"
"422",2020-10-09 21:00:00,21.951,"0.0"
"423",2020-10-09 21:15:00,22.046,"0.0"
"424",2020-10-09 21:30:00,22.046,"0.0"
"425",2020-10-09 21:45:00,22.142,"0.0"
"426",2020-10-09 22:00:00,22.142,"0.0"
"427",2020-10-09 22:15:00,22.142,"0.0"
"428",2020-10-09 22:30:00,22.142,"0.0"
"429",2020-10-09 22:45:00,22.142,"0.0"
"430",2020-10-09 23:00:00,22.238,"0.0"
"431",2020-10-09 23:15:00,22.238,"0.0"
"432",2020-10-09 23:30:00,22.238,"0.0"
"433",2020-10-09 23:45:00,22.238,"0.0"
"434",2020-10-10 00:00:00,22.238,"0.0"
"435",2020-10-10 00:15:00,22.238,"0.0"
"436",2020-10-10 00:30:00,22.238,"0.0"
"437",2020-10-10 00:45:00,22.238,"0.0"
"438",2020-10-10 01:00:00,22.238,"0.0"
"439",2020-10-10 01:15:00,22.238,"0.0"
"440",2020-10-10 01:30:00,22.238,"0.0"
"441",2020-10-10 01:45:00,22.238,"0.0"
"442",2020-10-10 02:00:00,22.238,"0.0"
"443",2020-10-10 02:15:00,22.238,"0.0"
"444",2020-10-10 02:30:00,22.238,"0.0"
"445",2020-10-10 02:45:00,22.238,"0.0"
"446",2020-10-10 03:00:00,22.238,"0.0"
"447",2020-10-10 03:15:00,22.238,"0.0"
"448",2020-10-10 03:30:00,22.238,"0.0"
"449",2020-10-10 03:45:00,22.238,"0.0"
"450",2020-10-10 04:00:00,22.238,"0.0"
"451",2020-10-10 04:15:00,22.238,"0.0"
"452",2020-10-10 04:30:00,22.238,"0.0"
"453",2020-10-10 04:45:00,22.238,"0.0"
"454",2020-10-10 05:00:00,22.238,"0.0"
"455",2020-10-10 05:15:00,22.238,"0.0"
"456",2020-10-10 05:30:00,22.238,"0.0"
"457",2020-10-10 05:45:00,22.238,"0.0"
"458",2020-10-10 06:00:00,22.238,"0.0"
"459",2020-10-10 06:15:00,22.429,"216.0"
"460",2020-10-10 06:30:00,21.664,"208.0"
"461",2020-10-10 06:45:00,20.615,"208.0"
"462",2020-10-10 07:00:00,19.948,"208.0"
"463",2020-10-10 07:15:00,19.567,"208.0"
"464",2020-10-10 07:30:00,19.282,"208.0"
"465",2020-10-10 07:45:00,19.092,"208.0"
"466",2020-10-10 08:00:00,18.996,"208.0"
"467",2020-10-10 08:15:00,18.996,"208.0"
"468",2020-10-10 08:30:00,18.996,"208.0"
"469",2020-10-10 08:45:00,18.901,"208.0"
"470",2020-10-10 09:00:00,18.901,"208.0"
"471",2020-10-10 09:15:00,18.901,"208.0"
"472",2020-10-10 09:30:00,18.901,"208.0"
"473",2020-10-10 09:45:00,18.901,"208.0"
"474",2020-10-10 10:00:00,18.996,"208.0"
"475",2020-10-10 10:15:00,18.996,"208.0"
"476",2020-10-10 10:30:00,18.996,"208.0"
"477",2020-10-10 10:45:00,18.996,"208.0"
"478",2020-10-10 11:00:00,18.996,"208.0"
"479",2020-10-10 11:15:00,18.996,"208.0"
"480",2020-10-10 11:30:00,19.092,"208.0"
"481",2020-10-10 11:45:00,19.187,"208.0"
"482",2020-10-10 12:00:00,19.187,"208.0"
"483",2020-10-10 12:15:00,19.187,"208.0"
"484",2020-10-10 12:30:00,19.092,"208.0"
"485",2020-10-10 12:45:00,19.092,"208.0"
"486",2020-10-10 13:00:00,19.092,"208.0"
"487",2020-10-10 13:15:00,18.996,"208.0"
"488",2020-10-10 13:30:00,18.996,"208.0"
"489",2020-10-10 13:45:00,18.996,"208.0"
"490",2020-10-10 14:00:00,18.996,"208.0"
"491",2020-10-10 14:15:00,18.996,"208.0"
"492",2020-10-10 14:30:00,18.996,"208.0"
"493",2020-10-10 14:45:00,18.901,"208.0"
"494",2020-10-10 15:00:00,18.901,"208.0"
"495",2020-10-10 15:15:00,18.901,"208.0"
"496",2020-10-10 15:30:00,18.996,"208.0"
"497",2020-10-10 15:45:00,19.187,"208.0"
"498",2020-10-10 16:00:00,19.187,"200.0"
"499",2020-10-10 16:15:00,19.187,"208.0"
"500",2020-10-10 16:30:00,19.092,"208.0"
"501",2020-10-10 16:45:00,19.092,"208.0"
"502",2020-10-10 17:00:00,19.092,"208.0"
"503",2020-10-10 17:15:00,18.996,"208.0"
"504",2020-10-10 17:30:00,18.996,"208.0"
"505",2020-10-10 17:45:00,18.996,"208.0"
"506",2020-10-10 18:00:00,18.996,"208.0"
"507",2020-10-10 18:15:00,18.901,"0.0"
"508",2020-10-10 18:30:00,19.758,"0.0"
"509",2020-10-10 18:45:00,20.519,"0.0"
"510",2020-10-10 19:00:00,20.901,"0.0"
"511",2020-10-10 19:15:00,21.282,"0.0"
"512",2020-10-10 19:30:00,21.473,"0.0"
"513",2020-10-10 19:45:00,21.569,"0.0"
"514",2020-10-10 20:00:00,21.664,"0.0"
"515",2020-10-10 20:15:00,21.76,"0.0"
"516",2020-10-10 20:30:00,21.855,"0.0"
"517",2020-10-10 20:45:00,21.855,"0.0"
"518",2020-10-10 21:00:00,21.951,"0.0"
"519",2020-10-10 21:15:00,21.951,"0.0"
"520",2020-10-10 21:30:00,22.046,"0.0"
"521",2020-10-10 21:45:00,22.046,"0.0"
"522",2020-10-10 22:00:00,22.046,"0.0"
"523",2020-10-10 22:15:00,22.142,"0.0"
"524",2020-10-10 22:30:00,22.142,"0.0"
"525",2020-10-10 22:45:00,22.142,"0.0"
"526",2020-10-10 23:00:00,22.142,"0.0"
"527",2020-10-10 23:15:00,22.142,"0.0"
"528",2020-10-10 23:30:00,22.142,"0.0"
"529",2020-10-10 23:45:00,22.238,"0.0"
"530",2020-10-11 00:00:00,22.238,"0.0"
"531",2020-10-11 00:15:00,22.238,"0.0"
"532",2020-10-11 00:30:00,22.238,"0.0"
"533",2020-10-11 00:45:00,22.238,"0.0"
"534",2020-10-11 01:00:00,22.238,"0.0"
"535",2020-10-11 01:15:00,22.238,"0.0"
"536",2020-10-11 01:30:00,22.238,"0.0"
"537",2020-10-11 01:45:00,22.238,"0.0"
"538",2020-10-11 02:00:00,22.238,"0.0"
"539",2020-10-11 02:15:00,22.238,"0.0"
"540",2020-10-11 02:30:00,22.238,"0.0"
"541",2020-10-11 02:45:00,22.238,"0.0"
"542",2020-10-11 03:00:00,22.238,"0.0"
"543",2020-10-11 03:15:00,22.238,"0.0"
"544",2020-10-11 03:30:00,22.238,"0.0"
"545",2020-10-11 03:45:00,22.238,"0.0"
"546",2020-10-11 04:00:00,22.238,"0.0"
"547",2020-10-11 04:15:00,22.238,"0.0"
"548",2020-10-11 04:30:00,22.238,"0.0"
"549",2020-10-11 04:45:00,22.238,"0.0"
"550",2020-10-11 05:00:00,22.238,"0.0"
"551",2020-10-11 05:15:00,22.238,"0.0"
"552",2020-10-11 05:30:00,22.238,"0.0"
"553",2020-10-11 05:45:00,22.238,"0.0"
"554",2020-10-11 06:00:00,22.238,"0.0"
"555",2020-10-11 06:15:00,22.429,"216.0"
"556",2020-10-11 06:30:00,21.569,"216.0"
"557",2020-10-11 06:45:00,20.519,"208.0"
"558",2020-10-11 07:00:00,19.853,"216.0"
"559",2020-10-11 07:15:00,19.472,"208.0"
"560",2020-10-11 07:30:00,19.282,"208.0"
"561",2020-10-11 07:45:00,19.092,"208.0"
"562",2020-10-11 08:00:00,18.996,"208.0"
"563",2020-10-11 08:15:00,18.901,"208.0"
"564",2020-10-11 08:30:00,18.806,"208.0"
"565",2020-10-11 08:45:00,18.806,"208.0"
"566",2020-10-11 09:00:00,18.711,"208.0"
"567",2020-10-11 09:15:00,18.711,"208.0"
"568",2020-10-11 09:30:00,18.806,"208.0"
"569",2020-10-11 09:45:00,18.806,"208.0"
"570",2020-10-11 10:00:00,18.806,"208.0"
"571",2020-10-11 10:15:00,18.806,"208.0"
"572",2020-10-11 10:30:00,18.806,"208.0"
"573",2020-10-11 10:45:00,18.806,"216.0"
"574",2020-10-11 11:00:00,18.806,"208.0"
"575",2020-10-11 11:15:00,18.806,"208.0"
"576",2020-10-11 11:30:00,18.806,"208.0"
"577",2020-10-11 11:45:00,18.806,"216.0"
"578",2020-10-11 12:00:00,18.806,"208.0"
"579",2020-10-11 12:15:00,18.806,"208.0"
"580",2020-10-11 12:30:00,18.806,"208.0"
"581",2020-10-11 12:45:00,18.806,"208.0"
"582",2020-10-11 13:00:00,18.806,"208.0"
"583",2020-10-11 13:15:00,18.806,"208.0"
"584",2020-10-11 13:30:00,18.806,"208.0"
"585",2020-10-11 13:45:00,18.806,"208.0"
"586",2020-10-11 14:00:00,18.806,"208.0"
"587",2020-10-11 14:15:00,18.901,"208.0"
"588",2020-10-11 14:30:00,18.901,"208.0"
"589",2020-10-11 14:45:00,18.806,"208.0"
"590",2020-10-11 15:00:00,18.806,"208.0"
"591",2020-10-11 15:15:00,18.806,"208.0"
"592",2020-10-11 15:30:00,18.901,"216.0"
"593",2020-10-11 15:45:00,18.901,"208.0"
"594",2020-10-11 16:00:00,18.901,"216.0"
"595",2020-10-11 16:15:00,18.901,"208.0"
"596",2020-10-11 16:30:00,18.901,"216.0"
"597",2020-10-11 16:45:00,18.806,"208.0"
"598",2020-10-11 17:00:00,18.806,"208.0"
"599",2020-10-11 17:15:00,18.806,"208.0"
"600",2020-10-11 17:30:00,18.806,"208.0"
"601",2020-10-11 17:45:00,18.806,"216.0"
"602",2020-10-11 18:00:00,18.806,"208.0"
"603",2020-10-11 18:15:00,18.711,"0.0"
"604",2020-10-11 18:30:00,19.662,"0.0"
"605",2020-10-11 18:45:00,20.519,"0.0"
"606",2020-10-11 19:00:00,20.901,"0.0"
"607",2020-10-11 19:15:00,21.282,"0.0"
"608",2020-10-11 19:30:00,21.473,"0.0"
"609",2020-10-11 19:45:00,21.569,"0.0"
"610",2020-10-11 20:00:00,21.664,"0.0"
"611",2020-10-11 20:15:00,21.76,"0.0"
"612",2020-10-11 20:30:00,21.855,"0.0"
"613",2020-10-11 20:45:00,21.855,"0.0"
"614",2020-10-11 21:00:00,21.951,"0.0"
"615",2020-10-11 21:15:00,21.951,"0.0"
"616",2020-10-11 21:30:00,22.046,"0.0"
"617",2020-10-11 21:45:00,22.046,"0.0"
"618",2020-10-11 22:00:00,22.046,"0.0"
"619",2020-10-11 22:15:00,22.142,"0.0"
"620",2020-10-11 22:30:00,22.142,"0.0"
"621",2020-10-11 22:45:00,22.142,"0.0"
"622",2020-10-11 23:00:00,22.142,"0.0"
"623",2020-10-11 23:15:00,22.238,"0.0"
"624",2020-10-11 23:30:00,22.142,"0.0"
"625",2020-10-11 23:45:00,22.142,"0.0"
"626",2020-10-12 00:00:00,22.238,"0.0"
"627",2020-10-12 00:15:00,22.238,"0.0"
"628",2020-10-12 00:30:00,22.238,"0.0"
"629",2020-10-12 00:45:00,22.238,"0.0"
"630",2020-10-12 01:00:00,22.238,"0.0"
"631",2020-10-12 01:15:00,22.238,"0.0"
"632",2020-10-12 01:30:00,22.238,"0.0"
"633",2020-10-12 01:45:00,22.238,"0.0"
"634",2020-10-12 02:00:00,22.238,"0.0"
"635",2020-10-12 02:15:00,22.238,"0.0"
"636",2020-10-12 02:30:00,22.238,"0.0"
"637",2020-10-12 02:45:00,22.238,"0.0"
"638",2020-10-12 03:00:00,22.238,"0.0"
"639",2020-10-12 03:15:00,22.238,"0.0"
"640",2020-10-12 03:30:00,22.238,"0.0"
"641",2020-10-12 03:45:00,22.238,"0.0"
"642",2020-10-12 04:00:00,22.238,"0.0"
"643",2020-10-12 04:15:00,22.238,"0.0"
"644",2020-10-12 04:30:00,22.238,"0.0"
"645",2020-10-12 04:45:00,22.238,"0.0"
"646",2020-10-12 05:00:00,22.238,"0.0"
"647",2020-10-12 05:15:00,22.238,"0.0"
"648",2020-10-12 05:30:00,22.238,"0.0"
"649",2020-10-12 05:45:00,22.238,"0.0"
"650",2020-10-12 06:00:00,22.238,"0.0"
"651",2020-10-12 06:15:00,22.429,"216.0"
"652",2020-10-12 06:30:00,21.664,"216.0"
"653",2020-10-12 06:45:00,20.519,"216.0"
"654",2020-10-12 07:00:00,19.853,"208.0"
"655",2020-10-12 07:15:00,19.472,"208.0"
"656",2020-10-12 07:30:00,19.282,"208.0"
"657",2020-10-12 07:45:00,19.092,"216.0"
"658",2020-10-12 08:00:00,18.996,"208.0"
"659",2020-10-12 08:15:00,18.901,"216.0"
"660",2020-10-12 08:30:00,18.806,"208.0"
"661",2020-10-12 08:45:00,18.806,"208.0"
"662",2020-10-12 09:00:00,18.901,"216.0"
"663",2020-10-12 09:15:00,18.901,"208.0"
"664",2020-10-12 09:30:00,18.996,"208.0"
"665",2020-10-12 09:45:00,19.092,"208.0"
"666",2020-10-12 10:00:00,19.092,"208.0"
"667",2020-10-12 10:15:00,19.092,"208.0"
"668",2020-10-12 10:30:00,19.472,"216.0"
"669",2020-10-12 10:45:00,19.092,"208.0"
"670",2020-10-12 11:00:00,19.092,"216.0"
"671",2020-10-12 11:15:00,19.377,"216.0"
"672",2020-10-12 11:30:00,19.187,"108.0"
"673",2020-10-12 11:45:00,18.996,"208.0"
"674",2020-10-12 12:00:00,18.996,"208.0"
"675",2020-10-12 12:15:00,19.092,"208.0"
"676",2020-10-12 12:30:00,19.187,"208.0"
"677",2020-10-12 12:45:00,19.187,"208.0"
"678",2020-10-12 13:00:00,19.282,"208.0"
"679",2020-10-12 13:15:00,19.187,"208.0"
"680",2020-10-12 13:30:00,19.187,"208.0"
"681",2020-10-12 13:45:00,19.187,"208.0"
"682",2020-10-12 14:00:00,19.187,"208.0"
"683",2020-10-12 14:15:00,19.187,"208.0"
"684",2020-10-12 14:30:00,19.187,"208.0"
"685",2020-10-12 14:45:00,19.187,"208.0"
"686",2020-10-12 15:00:00,19.187,"208.0"
"687",2020-10-12 15:15:00,19.187,"208.0"
"688",2020-10-12 15:30:00,19.187,"208.0"
"689",2020-10-12 15:45:00,19.187,"208.0"
"690",2020-10-12 16:00:00,19.187,"216.0"
"691",2020-10-12 16:15:00,19.187,"208.0"
"692",2020-10-12 16:30:00,19.187,"208.0"
"693",2020-10-12 16:45:00,19.187,"208.0"
"694",2020-10-12 17:00:00,18.996,"208.0"
"695",2020-10-12 17:15:00,18.996,"208.0"
"696",2020-10-12 17:30:00,18.996,"208.0"
"697",2020-10-12 17:45:00,18.901,"208.0"
"698",2020-10-12 18:00:00,18.901,"208.0"
"699",2020-10-12 18:15:00,18.806,"0.0"
"700",2020-10-12 18:30:00,19.758,"0.0"
"701",2020-10-12 18:45:00,20.519,"0.0"
"702",2020-10-12 19:00:00,20.901,"0.0"
"703",2020-10-12 19:15:00,21.187,"0.0"
"704",2020-10-12 19:30:00,21.378,"0.0"
"705",2020-10-12 19:45:00,21.473,"0.0"
"706",2020-10-12 20:00:00,21.664,"0.0"
"707",2020-10-12 20:15:00,21.664,"0.0"
"708",2020-10-12 20:30:00,21.76,"0.0"
"709",2020-10-12 20:45:00,21.855,"0.0"
"710",2020-10-12 21:00:00,21.855,"0.0"
"711",2020-10-12 21:15:00,21.855,"0.0"
"712",2020-10-12 21:30:00,21.951,"0.0"
"713",2020-10-12 21:45:00,22.046,"0.0"
"714",2020-10-12 22:00:00,22.046,"0.0"
"715",2020-10-12 22:15:00,22.046,"0.0"
"716",2020-10-12 22:30:00,22.046,"0.0"
"717",2020-10-12 22:45:00,22.142,"0.0"
"718",2020-10-12 23:00:00,22.142,"0.0"
"719",2020-10-12 23:15:00,22.142,"0.0"
"720",2020-10-12 23:30:00,22.142,"0.0"
"721",2020-10-12 23:45:00,22.142,"0.0"
"722",2020-10-13 00:00:00,22.142,"0.0"
"723",2020-10-13 00:15:00,22.142,"0.0"
"724",2020-10-13 00:30:00,22.142,"0.0"
"725",2020-10-13 00:45:00,22.142,"0.0"
"726",2020-10-13 01:00:00,22.142,"0.0"
"727",2020-10-13 01:15:00,22.238,"0.0"
"728",2020-10-13 01:30:00,22.238,"0.0"
"729",2020-10-13 01:45:00,22.238,"0.0"
"730",2020-10-13 02:00:00,22.238,"0.0"
"731",2020-10-13 02:15:00,22.238,"0.0"
"732",2020-10-13 02:30:00,22.238,"0.0"
"733",2020-10-13 02:45:00,22.238,"0.0"
"734",2020-10-13 03:00:00,22.238,"0.0"
"735",2020-10-13 03:15:00,22.238,"0.0"
"736",2020-10-13 03:30:00,22.238,"0.0"
"737",2020-10-13 03:45:00,22.238,"0.0"
"738",2020-10-13 04:00:00,22.238,"0.0"
"739",2020-10-13 04:15:00,22.238,"0.0"
"740",2020-10-13 04:30:00,22.238,"0.0"
"741",2020-10-13 04:45:00,22.142,"0.0"
"742",2020-10-13 05:00:00,22.238,"0.0"
"743",2020-10-13 05:15:00,22.142,"0.0"
"744",2020-10-13 05:30:00,22.238,"0.0"
"745",2020-10-13 05:45:00,22.238,"0.0"
"746",2020-10-13 06:00:00,22.238,"0.0"
"747",2020-10-13 06:15:00,22.429,"216.0"
"748",2020-10-13 06:30:00,21.569,"208.0"
"749",2020-10-13 06:45:00,20.519,"208.0"
"750",2020-10-13 07:00:00,19.853,"208.0"
"751",2020-10-13 07:15:00,19.377,"208.0"
"752",2020-10-13 07:30:00,19.187,"216.0"
"753",2020-10-13 07:45:00,19.187,"208.0"
"754",2020-10-13 08:00:00,19.187,"208.0"
"755",2020-10-13 08:15:00,19.092,"208.0"
"756",2020-10-13 08:30:00,18.996,"216.0"
"757",2020-10-13 08:45:00,18.996,"208.0"
"758",2020-10-13 09:00:00,18.901,"208.0"
"759",2020-10-13 09:15:00,18.996,"208.0"
"760",2020-10-13 09:30:00,19.092,"208.0"
"761",2020-10-13 09:45:00,19.092,"208.0"
"762",2020-10-13 10:00:00,18.996,"208.0"
"763",2020-10-13 10:15:00,18.996,"216.0"
"764",2020-10-13 10:30:00,18.996,"208.0"
"765",2020-10-13 10:45:00,18.996,"200.0"
"766",2020-10-13 11:00:00,18.996,"208.0"
"767",2020-10-13 11:15:00,18.901,"208.0"
"768",2020-10-13 11:30:00,18.996,"208.0"
"769",2020-10-13 11:45:00,18.901,"208.0"
"770",2020-10-13 12:00:00,18.996,"208.0"
"771",2020-10-13 12:15:00,19.092,"208.0"
"772",2020-10-13 12:30:00,19.187,"216.0"
"773",2020-10-13 12:45:00,19.187,"216.0"
"774",2020-10-13 13:00:00,19.187,"208.0"
"775",2020-10-13 13:15:00,19.187,"208.0"
"776",2020-10-13 13:30:00,19.187,"216.0"
"777",2020-10-13 13:45:00,19.187,"208.0"
"778",2020-10-13 14:00:00,19.187,"208.0"
"779",2020-10-13 14:15:00,19.187,"208.0"
"780",2020-10-13 14:30:00,19.187,"208.0"
"781",2020-10-13 14:45:00,19.187,"208.0"
"782",2020-10-13 15:00:00,19.187,"208.0"
"783",2020-10-13 15:15:00,19.187,"216.0"
"784",2020-10-13 15:30:00,19.187,"208.0"
"785",2020-10-13 15:45:00,19.187,"208.0"
"786",2020-10-13 16:00:00,19.187,"216.0"
"787",2020-10-13 16:15:00,19.187,"208.0"
"788",2020-10-13 16:30:00,19.092,"208.0"
"789",2020-10-13 16:45:00,18.996,"208.0"
"790",2020-10-13 17:00:00,18.996,"208.0"
"791",2020-10-13 17:15:00,18.901,"208.0"
"792",2020-10-13 17:30:00,18.901,"208.0"
"793",2020-10-13 17:45:00,18.901,"208.0"
"794",2020-10-13 18:00:00,18.901,"208.0"
"795",2020-10-13 18:15:00,18.806,"0.0"
"796",2020-10-13 18:30:00,19.758,"0.0"
"797",2020-10-13 18:45:00,20.519,"0.0"
"798",2020-10-13 19:00:00,20.901,"0.0"
"799",2020-10-13 19:15:00,21.282,"0.0"
"800",2020-10-13 19:30:00,21.473,"0.0"
"801",2020-10-13 19:45:00,21.569,"0.0"
"802",2020-10-13 20:00:00,21.76,"0.0"
"803",2020-10-13 20:15:00,21.855,"0.0"
"804",2020-10-13 20:30:00,21.855,"0.0"
"805",2020-10-13 20:45:00,21.951,"0.0"
"806",2020-10-13 21:00:00,21.951,"0.0"
"807",2020-10-13 21:15:00,22.046,"0.0"
"808",2020-10-13 21:30:00,22.046,"0.0"
"809",2020-10-13 21:45:00,22.046,"0.0"
"810",2020-10-13 22:00:00,22.142,"0.0"
"811",2020-10-13 22:15:00,22.142,"0.0"
"812",2020-10-13 22:30:00,22.142,"0.0"
"813",2020-10-13 22:45:00,22.142,"0.0"
"814",2020-10-13 23:00:00,22.142,"0.0"
"815",2020-10-13 23:15:00,22.142,"0.0"
"816",2020-10-13 23:30:00,22.142,"0.0"
"817",2020-10-13 23:45:00,22.142,"0.0"
"818",2020-10-14 00:00:00,22.238,"0.0"
"819",2020-10-14 00:15:00,22.238,"0.0"
"820",2020-10-14 00:30:00,22.238,"0.0"
"821",2020-10-14 00:45:00,22.238,"0.0"
"822",2020-10-14 01:00:00,22.238,"0.0"
"823",2020-10-14 01:15:00,22.238,"0.0"
"824",2020-10-14 01:30:00,22.238,"0.0"
"825",2020-10-14 01:45:00,22.238,"0.0"
"826",2020-10-14 02:00:00,22.238,"0.0"
"827",2020-10-14 02:15:00,22.238,"0.0"
"828",2020-10-14 02:30:00,22.238,"0.0"
"829",2020-10-14 02:45:00,22.238,"0.0"
"830",2020-10-14 03:00:00,22.238,"0.0"
"831",2020-10-14 03:15:00,22.238,"0.0"
"832",2020-10-14 03:30:00,22.238,"0.0"
"833",2020-10-14 03:45:00,22.238,"0.0"
"834",2020-10-14 04:00:00,22.238,"0.0"
"835",2020-10-14 04:15:00,22.238,"0.0"
"836",2020-10-14 04:30:00,22.238,"0.0"
"837",2020-10-14 04:45:00,22.238,"0.0"
"838",2020-10-14 05:00:00,22.238,"0.0"
"839",2020-10-14 05:15:00,22.238,"0.0"
"840",2020-10-14 05:30:00,22.238,"0.0"
"841",2020-10-14 05:45:00,22.238,"0.0"
"842",2020-10-14 06:00:00,22.238,"0.0"
"843",2020-10-14 06:15:00,22.429,"216.0"
"844",2020-10-14 06:30:00,21.569,"208.0"
"845",2020-10-14 06:45:00,20.519,"208.0"
"846",2020-10-14 07:00:00,19.853,"216.0"
"847",2020-10-14 07:15:00,19.472,"216.0"
"848",2020-10-14 07:30:00,19.187,"216.0"
"849",2020-10-14 07:45:00,19.092,"208.0"
"850",2020-10-14 08:00:00,19.092,"208.0"
"851",2020-10-14 08:15:00,19.092,"208.0"
"852",2020-10-14 08:30:00,18.996,"208.0"
"853",2020-10-14 08:45:00,18.901,"208.0"
"854",2020-10-14 09:00:00,18.901,"208.0"
"855",2020-10-14 09:15:00,18.901,"208.0"
"856",2020-10-14 09:30:00,18.806,"208.0"
"857",2020-10-14 09:45:00,18.901,"208.0"
"858",2020-10-14 10:00:00,18.996,"208.0"
"859",2020-10-14 10:15:00,18.996,"208.0"
"860",2020-10-14 10:30:00,18.996,"208.0"
"861",2020-10-14 10:45:00,18.901,"208.0"
"862",2020-10-14 11:00:00,18.806,"208.0"
"863",2020-10-14 11:15:00,18.806,"208.0"
"864",2020-10-14 11:30:00,18.901,"208.0"
"865",2020-10-14 11:45:00,20.901,"3.0"
"868",2020-10-14 12:00:00,23.388,"160.0"
"869",2020-10-14 12:15:00,19.662,"288.0"
"870",2020-10-14 12:30:00,19.187,"288.0"
"871",2020-10-14 12:45:00,19.092,"304.0"
"872",2020-10-14 13:00:00,19.092,"288.0"
"873",2020-10-14 13:15:00,19.092,"288.0"
"874",2020-10-14 13:30:00,19.187,"288.0"
"875",2020-10-14 13:45:00,18.996,"288.0"
"876",2020-10-14 14:00:00,18.996,"288.0"
"877",2020-10-14 14:15:00,19.092,"288.0"
"878",2020-10-14 14:30:00,19.092,"304.0"
"879",2020-10-14 14:45:00,19.567,"304.0"
"880",2020-10-14 15:00:00,19.853,"272.0"
"881",2020-10-14 15:15:00,19.853,"288.0"
"882",2020-10-14 15:30:00,19.948,"304.0"
"883",2020-10-14 15:45:00,20.043,"288.0"
"884",2020-10-14 16:00:00,20.138,"288.0"
"885",2020-10-14 16:15:00,20.138,"288.0"
"886",2020-10-14 16:30:00,20.043,"288.0"
"887",2020-10-14 16:45:00,19.948,"288.0"
"888",2020-10-14 17:00:00,19.948,"288.0"
"889",2020-10-14 17:15:00,19.853,"288.0"
"890",2020-10-14 17:30:00,19.853,"288.0"
"891",2020-10-14 17:45:00,19.948,"288.0"
"892",2020-10-14 18:00:00,20.043,"288.0"
"893",2020-10-14 18:15:00,19.377,"0.0"
"894",2020-10-14 18:30:00,19.758,"0.0"
"895",2020-10-14 18:45:00,20.424,"0.0"
"896",2020-10-14 19:00:00,20.901,"0.0"
"897",2020-10-14 19:15:00,21.187,"0.0"
"898",2020-10-14 19:30:00,21.378,"0.0"
"899",2020-10-14 19:45:00,21.473,"0.0"
"900",2020-10-14 20:00:00,21.569,"0.0"
"901",2020-10-14 20:15:00,21.664,"0.0"
"902",2020-10-14 20:30:00,21.76,"0.0"
"903",2020-10-14 20:45:00,21.76,"0.0"
"904",2020-10-14 21:00:00,21.855,"0.0"
"905",2020-10-14 21:15:00,21.855,"0.0"
"906",2020-10-14 21:30:00,21.951,"0.0"
"907",2020-10-14 21:45:00,21.951,"0.0"
"908",2020-10-14 22:00:00,21.951,"0.0"
"909",2020-10-14 22:15:00,22.046,"0.0"
"910",2020-10-14 22:30:00,22.046,"0.0"
"911",2020-10-14 22:45:00,22.046,"0.0"
"912",2020-10-14 23:00:00,22.046,"0.0"
"913",2020-10-14 23:15:00,22.046,"0.0"
"914",2020-10-14 23:30:00,22.142,"0.0"
"915",2020-10-14 23:45:00,22.142,"0.0"
"916",2020-10-15 00:00:00,22.142,"0.0"
"917",2020-10-15 00:15:00,22.142,"0.0"
"918",2020-10-15 00:30:00,22.142,"0.0"
"919",2020-10-15 00:45:00,22.142,"0.0"
"920",2020-10-15 01:00:00,22.142,"0.0"
"921",2020-10-15 01:15:00,22.142,"0.0"
"922",2020-10-15 01:30:00,22.142,"0.0"
"923",2020-10-15 01:45:00,22.142,"0.0"
"924",2020-10-15 02:00:00,22.142,"0.0"
"925",2020-10-15 02:15:00,22.142,"0.0"
"926",2020-10-15 02:30:00,22.142,"0.0"
"927",2020-10-15 02:45:00,22.142,"0.0"
"928",2020-10-15 03:00:00,22.142,"0.0"
"929",2020-10-15 03:15:00,22.142,"0.0"
"930",2020-10-15 03:30:00,22.142,"0.0"
"931",2020-10-15 03:45:00,22.142,"0.0"
"932",2020-10-15 04:00:00,22.142,"0.0"
"933",2020-10-15 04:15:00,22.142,"0.0"
"934",2020-10-15 04:30:00,22.142,"0.0"
"935",2020-10-15 04:45:00,22.142,"0.0"
"936",2020-10-15 05:00:00,22.142,"0.0"
"937",2020-10-15 05:15:00,22.142,"0.0"
"938",2020-10-15 05:30:00,22.142,"0.0"
"939",2020-10-15 05:45:00,22.142,"0.0"
"940",2020-10-15 06:00:00,22.142,"0.0"
"941",2020-10-15 06:15:00,22.717,"304.0"
"942",2020-10-15 06:30:00,22.429,"304.0"
"943",2020-10-15 06:45:00,21.569,"288.0"
"944",2020-10-15 07:00:00,20.996,"288.0"
"945",2020-10-15 07:15:00,20.71,"304.0"
"946",2020-10-15 07:30:00,20.424,"304.0"
"947",2020-10-15 07:45:00,20.424,"304.0"
"948",2020-10-15 08:00:00,20.424,"288.0"
"949",2020-10-15 08:15:00,20.329,"288.0"
"950",2020-10-15 08:30:00,20.234,"288.0"
"951",2020-10-15 08:45:00,20.138,"288.0"
"952",2020-10-15 09:00:00,20.043,"288.0"
"953",2020-10-15 09:15:00,20.043,"288.0"
"954",2020-10-15 09:30:00,20.043,"304.0"
"955",2020-10-15 09:45:00,19.948,"288.0"
"956",2020-10-15 10:00:00,20.043,"288.0"
"957",2020-10-15 10:15:00,20.138,"288.0"
"958",2020-10-15 10:30:00,20.138,"288.0"
"959",2020-10-15 10:45:00,20.043,"288.0"
"960",2020-10-15 11:00:00,20.043,"288.0"
"961",2020-10-15 11:15:00,19.948,"304.0"
"962",2020-10-15 11:30:00,19.948,"288.0"
"963",2020-10-15 11:45:00,19.948,"288.0"
"964",2020-10-15 12:00:00,19.948,"288.0"
"965",2020-10-15 12:15:00,19.948,"288.0"
"966",2020-10-15 12:30:00,20.043,"288.0"
"967",2020-10-15 12:45:00,20.138,"288.0"
"968",2020-10-15 13:00:00,20.138,"288.0"
"969",2020-10-15 13:15:00,20.234,"288.0"
"970",2020-10-15 13:30:00,20.138,"288.0"
"971",2020-10-15 13:45:00,20.043,"304.0"
"972",2020-10-15 14:00:00,20.043,"288.0"
"973",2020-10-15 14:15:00,20.138,"288.0"
"974",2020-10-15 14:30:00,20.043,"288.0"
"975",2020-10-15 14:45:00,19.948,"288.0"
"976",2020-10-15 15:00:00,20.043,"288.0"
"977",2020-10-15 15:15:00,20.138,"288.0"
"978",2020-10-15 15:30:00,20.138,"288.0"
"979",2020-10-15 15:45:00,20.138,"288.0"
"980",2020-10-15 16:00:00,20.138,"288.0"
"981",2020-10-15 16:15:00,20.138,"304.0"
"982",2020-10-15 16:30:00,20.043,"288.0"
"983",2020-10-15 16:45:00,20.043,"288.0"
"984",2020-10-15 17:00:00,19.948,"288.0"
"985",2020-10-15 17:15:00,19.948,"288.0"
"986",2020-10-15 17:30:00,19.948,"304.0"
"987",2020-10-15 17:45:00,20.043,"288.0"
"988",2020-10-15 18:00:00,20.043,"288.0"
"989",2020-10-15 18:15:00,19.472,"0.0"
"990",2020-10-15 18:30:00,19.853,"0.0"
"991",2020-10-15 18:45:00,20.519,"0.0"
"992",2020-10-15 19:00:00,20.901,"0.0"
"993",2020-10-15 19:15:00,21.187,"0.0"
"994",2020-10-15 19:30:00,21.378,"0.0"
"995",2020-10-15 19:45:00,21.569,"0.0"
"996",2020-10-15 20:00:00,21.664,"0.0"
"997",2020-10-15 20:15:00,21.664,"0.0"
"998",2020-10-15 20:30:00,21.76,"0.0"
"999",2020-10-15 20:45:00,21.855,"0.0"
"1000",2020-10-15 21:00:00,22.046,"0.0"
"1001",2020-10-15 21:15:00,22.046,"0.0"
"1002",2020-10-15 21:30:00,22.046,"0.0"
"1003",2020-10-15 21:45:00,22.046,"0.0"
"1004",2020-10-15 22:00:00,22.046,"0.0"
"1005",2020-10-15 22:15:00,22.046,"0.0"
"1006",2020-10-15 22:30:00,22.046,"0.0"
"1007",2020-10-15 22:45:00,22.046,"0.0"
"1008",2020-10-15 23:00:00,22.046,"0.0"
"1009",2020-10-15 23:15:00,22.046,"0.0"
"1010",2020-10-15 23:30:00,22.142,"0.0"
"1011",2020-10-15 23:45:00,22.142,"0.0"
"1012",2020-10-16 00:00:00,22.142,"0.0"
"1013",2020-10-16 00:15:00,22.142,"0.0"
"1014",2020-10-16 00:30:00,22.142,"0.0"
"1015",2020-10-16 00:45:00,22.142,"0.0"
"1016",2020-10-16 01:00:00,22.142,"0.0"
"1017",2020-10-16 01:15:00,22.142,"0.0"
"1018",2020-10-16 01:30:00,22.142,"0.0"
"1019",2020-10-16 01:45:00,22.142,"0.0"
"1020",2020-10-16 02:00:00,22.142,"0.0"
"1021",2020-10-16 02:15:00,22.142,"0.0"
"1022",2020-10-16 02:30:00,22.142,"0.0"
"1023",2020-10-16 02:45:00,22.142,"0.0"
"1024",2020-10-16 03:00:00,22.142,"0.0"
"1025",2020-10-16 03:15:00,22.142,"0.0"
"1026",2020-10-16 03:30:00,22.142,"0.0"
"1027",2020-10-16 03:45:00,22.142,"0.0"
"1028",2020-10-16 04:00:00,22.142,"0.0"
"1029",2020-10-16 04:15:00,22.142,"0.0"
"1030",2020-10-16 04:30:00,22.142,"0.0"
"1031",2020-10-16 04:45:00,22.142,"0.0"
"1032",2020-10-16 05:00:00,22.142,"0.0"
"1033",2020-10-16 05:15:00,22.142,"0.0"
"1034",2020-10-16 05:30:00,22.142,"0.0"
"1035",2020-10-16 05:45:00,22.142,"0.0"
"1036",2020-10-16 06:00:00,22.142,"0.0"
"1037",2020-10-16 06:15:00,22.717,"304.0"
"1038",2020-10-16 06:30:00,22.429,"288.0"
"1039",2020-10-16 06:45:00,21.569,"288.0"
"1040",2020-10-16 07:00:00,20.996,"288.0"
"1041",2020-10-16 07:15:00,20.71,"288.0"
"1042",2020-10-16 07:30:00,20.424,"304.0"
"1043",2020-10-16 07:45:00,20.424,"288.0"
"1044",2020-10-16 08:00:00,20.424,"304.0"
"1045",2020-10-16 08:15:00,20.329,"304.0"
"1046",2020-10-16 08:30:00,20.234,"288.0"
"1047",2020-10-16 08:45:00,20.138,"288.0"
"1048",2020-10-16 09:00:00,20.043,"288.0"
"1049",2020-10-16 09:15:00,20.043,"288.0"
"1050",2020-10-16 09:30:00,20.043,"304.0"
"1051",2020-10-16 09:45:00,20.043,"288.0"
"1052",2020-10-16 10:00:00,20.043,"288.0"
"1053",2020-10-16 10:15:00,20.138,"288.0"
"1054",2020-10-16 10:30:00,20.043,"288.0"
"1055",2020-10-16 10:45:00,20.043,"288.0"
"1056",2020-10-16 11:00:00,20.138,"288.0"
"1057",2020-10-16 11:15:00,20.138,"288.0"
"1058",2020-10-16 11:30:00,20.138,"288.0"
"1059",2020-10-16 11:45:00,20.138,"288.0"
"1060",2020-10-16 12:00:00,20.138,"304.0"
"1061",2020-10-16 12:15:00,20.138,"288.0"
"1062",2020-10-16 12:30:00,20.138,"288.0"
"1063",2020-10-16 12:45:00,20.138,"288.0"
"1064",2020-10-16 13:00:00,20.138,"288.0"
"1065",2020-10-16 13:15:00,20.138,"288.0"
"1066",2020-10-16 13:30:00,20.234,"288.0"
"1067",2020-10-16 13:45:00,20.234,"288.0"
"1068",2020-10-16 14:00:00,20.138,"288.0"
"1069",2020-10-16 14:15:00,20.138,"288.0"
"1070",2020-10-16 14:30:00,20.138,"288.0"
"1071",2020-10-16 14:45:00,20.138,"288.0"
"1072",2020-10-16 15:00:00,20.234,"288.0"
"1073",2020-10-16 15:15:00,20.234,"272.0"
"1074",2020-10-16 15:30:00,20.043,"288.0"
"1075",2020-10-16 15:45:00,20.043,"288.0"
"1076",2020-10-16 16:00:00,20.138,"288.0"
"1077",2020-10-16 16:15:00,20.234,"288.0"
"1078",2020-10-16 16:30:00,20.138,"288.0"
"1079",2020-10-16 16:45:00,20.138,"288.0"
"1080",2020-10-16 17:00:00,20.234,"288.0"
"1081",2020-10-16 17:15:00,20.138,"288.0"
"1082",2020-10-16 17:30:00,20.043,"288.0"
"1083",2020-10-16 17:45:00,19.853,"288.0"
"1084",2020-10-16 18:00:00,19.853,"288.0"
"1085",2020-10-16 18:15:00,19.187,"0.0"
"1086",2020-10-16 18:30:00,19.662,"0.0"
"1087",2020-10-16 18:45:00,20.329,"0.0"
"1088",2020-10-16 19:00:00,20.71,"0.0"
"1089",2020-10-16 19:15:00,20.996,"0.0"
"1090",2020-10-16 19:30:00,21.187,"0.0"
"1091",2020-10-16 19:45:00,21.282,"0.0"
"1092",2020-10-16 20:00:00,21.378,"0.0"
"1093",2020-10-16 20:15:00,21.473,"0.0"
"1094",2020-10-16 20:30:00,21.569,"0.0"
"1095",2020-10-16 20:45:00,21.664,"0.0"
"1096",2020-10-16 21:00:00,21.664,"0.0"
"1097",2020-10-16 21:15:00,21.76,"0.0"
"1098",2020-10-16 21:30:00,21.855,"0.0"
"1099",2020-10-16 21:45:00,21.855,"0.0"
"1100",2020-10-16 22:00:00,21.855,"0.0"
"1101",2020-10-16 22:15:00,21.855,"0.0"
"1102",2020-10-16 22:30:00,21.951,"0.0"
"1103",2020-10-16 22:45:00,21.951,"0.0"
"1104",2020-10-16 23:00:00,21.951,"0.0"
"1105",2020-10-16 23:15:00,21.951,"0.0"
"1106",2020-10-16 23:30:00,21.951,"0.0"
"1107",2020-10-16 23:45:00,21.951,"0.0"
"1108",2020-10-17 00:00:00,21.951,"0.0"
"1109",2020-10-17 00:15:00,21.951,"0.0"
"1110",2020-10-17 00:30:00,21.951,"0.0"
"1111",2020-10-17 00:45:00,21.951,"0.0"
"1112",2020-10-17 01:00:00,21.951,"0.0"
"1113",2020-10-17 01:15:00,21.951,"0.0"
"1114",2020-10-17 01:30:00,21.951,"0.0"
"1115",2020-10-17 01:45:00,21.951,"0.0"
"1116",2020-10-17 02:00:00,22.046,"0.0"
"1117",2020-10-17 02:15:00,21.951,"0.0"
"1118",2020-10-17 02:30:00,21.951,"0.0"
"1119",2020-10-17 02:45:00,21.951,"0.0"
"1120",2020-10-17 03:00:00,21.951,"0.0"
"1121",2020-10-17 03:15:00,21.951,"0.0"
"1122",2020-10-17 03:30:00,21.951,"0.0"
"1123",2020-10-17 03:45:00,22.046,"0.0"
"1124",2020-10-17 04:00:00,21.951,"0.0"
"1125",2020-10-17 04:15:00,22.046,"0.0"
"1126",2020-10-17 04:30:00,22.046,"0.0"
"1127",2020-10-17 04:45:00,22.046,"0.0"
"1128",2020-10-17 05:00:00,21.951,"0.0"
"1129",2020-10-17 05:15:00,22.046,"0.0"
"1130",2020-10-17 05:30:00,22.046,"0.0"
"1131",2020-10-17 05:45:00,22.046,"0.0"
"1132",2020-10-17 06:00:00,22.046,"0.0"
"1133",2020-10-17 06:15:00,22.621,"288.0"
"1134",2020-10-17 06:30:00,22.238,"304.0"
"1135",2020-10-17 06:45:00,21.378,"304.0"
"1136",2020-10-17 07:00:00,20.805,"304.0"
"1137",2020-10-17 07:15:00,20.424,"288.0"
"1138",2020-10-17 07:30:00,20.234,"288.0"
"1139",2020-10-17 07:45:00,20.043,"304.0"
"1140",2020-10-17 08:00:00,19.948,"304.0"
"1141",2020-10-17 08:15:00,19.853,"288.0"
"1142",2020-10-17 08:30:00,19.758,"288.0"
"1143",2020-10-17 08:45:00,19.758,"288.0"
"1144",2020-10-17 09:00:00,19.662,"288.0"
"1145",2020-10-17 09:15:00,19.662,"288.0"
"1146",2020-10-17 09:30:00,19.567,"288.0"
"1147",2020-10-17 09:45:00,19.567,"288.0"
"1148",2020-10-17 10:00:00,19.567,"288.0"
"1149",2020-10-17 10:15:00,19.472,"288.0"
"1150",2020-10-17 10:30:00,19.472,"288.0"
"1151",2020-10-17 10:45:00,19.472,"288.0"
"1152",2020-10-17 11:00:00,19.472,"288.0"
"1153",2020-10-17 11:15:00,19.472,"288.0"
"1154",2020-10-17 11:30:00,19.472,"288.0"
"1155",2020-10-17 11:45:00,19.472,"288.0"
"1156",2020-10-17 12:00:00,19.472,"288.0"
"1157",2020-10-17 12:15:00,19.472,"288.0"
"1158",2020-10-17 12:30:00,19.472,"288.0"
"1159",2020-10-17 12:45:00,19.472,"288.0"
"1160",2020-10-17 13:00:00,19.472,"288.0"
"1161",2020-10-17 13:15:00,19.472,"288.0"
"1162",2020-10-17 13:30:00,19.472,"288.0"
"1163",2020-10-17 13:45:00,19.472,"288.0"
"1164",2020-10-17 14:00:00,19.472,"288.0"
"1165",2020-10-17 14:15:00,19.472,"304.0"
"1166",2020-10-17 14:30:00,19.472,"288.0"
"1167",2020-10-17 14:45:00,19.472,"288.0"
"1168",2020-10-17 15:00:00,19.472,"288.0"
"1169",2020-10-17 15:15:00,19.377,"288.0"
"1170",2020-10-17 15:30:00,19.377,"288.0"
"1171",2020-10-17 15:45:00,19.472,"288.0"
"1172",2020-10-17 16:00:00,19.472,"288.0"
"1173",2020-10-17 16:15:00,19.472,"288.0"
"1174",2020-10-17 16:30:00,19.377,"288.0"
"1175",2020-10-17 16:45:00,19.472,"288.0"
"1176",2020-10-17 17:00:00,19.377,"304.0"
"1177",2020-10-17 17:15:00,19.377,"304.0"
"1178",2020-10-17 17:30:00,19.377,"288.0"
"1179",2020-10-17 17:45:00,19.377,"288.0"
"1180",2020-10-17 18:00:00,19.377,"304.0"
"1181",2020-10-17 18:15:00,18.901,"0.0"
"1182",2020-10-17 18:30:00,19.282,"0.0"
"1183",2020-10-17 18:45:00,19.948,"0.0"
"1184",2020-10-17 19:00:00,20.424,"0.0"
"1185",2020-10-17 19:15:00,20.71,"0.0"
"1186",2020-10-17 19:30:00,20.996,"0.0"
"1187",2020-10-17 19:45:00,21.091,"0.0"
"1188",2020-10-17 20:00:00,21.282,"0.0"
"1189",2020-10-17 20:15:00,21.378,"0.0"
"1190",2020-10-17 20:30:00,21.473,"0.0"
"1191",2020-10-17 20:45:00,21.473,"0.0"
"1192",2020-10-17 21:00:00,21.569,"0.0"
"1193",2020-10-17 21:15:00,21.664,"0.0"
"1194",2020-10-17 21:30:00,21.664,"0.0"
"1195",2020-10-17 21:45:00,21.76,"0.0"
"1196",2020-10-17 22:00:00,21.76,"0.0"
"1197",2020-10-17 22:15:00,21.855,"0.0"
"1198",2020-10-17 22:30:00,21.855,"0.0"
"1199",2020-10-17 22:45:00,21.855,"0.0"
"1200",2020-10-17 23:00:00,21.855,"0.0"
"1201",2020-10-17 23:15:00,21.951,"0.0"
"1202",2020-10-17 23:30:00,21.951,"0.0"
"1203",2020-10-17 23:45:00,21.951,"0.0"
"1204",2020-10-18 00:00:00,21.951,"0.0"
"1205",2020-10-18 00:15:00,21.951,"0.0"
"1206",2020-10-18 00:30:00,21.951,"0.0"
"1207",2020-10-18 00:45:00,21.951,"0.0"
"1208",2020-10-18 01:00:00,21.951,"0.0"
"1209",2020-10-18 01:15:00,21.951,"0.0"
"1210",2020-10-18 01:30:00,21.951,"0.0"
"1211",2020-10-18 01:45:00,21.951,"0.0"
"1212",2020-10-18 02:00:00,21.951,"0.0"
"1213",2020-10-18 02:15:00,21.951,"0.0"
"1214",2020-10-18 02:30:00,21.951,"0.0"
"1215",2020-10-18 02:45:00,21.951,"0.0"
"1216",2020-10-18 03:00:00,21.951,"0.0"
"1217",2020-10-18 03:15:00,21.951,"0.0"
"1218",2020-10-18 03:30:00,21.951,"0.0"
"1219",2020-10-18 03:45:00,21.951,"0.0"
"1220",2020-10-18 04:00:00,21.951,"0.0"
"1221",2020-10-18 04:15:00,21.951,"0.0"
"1222",2020-10-18 04:30:00,21.951,"0.0"
"1223",2020-10-18 04:45:00,21.951,"0.0"
"1224",2020-10-18 05:00:00,21.951,"0.0"
"1225",2020-10-18 05:15:00,21.951,"0.0"
"1226",2020-10-18 05:30:00,21.951,"0.0"
"1227",2020-10-18 05:45:00,21.951,"0.0"
"1228",2020-10-18 06:00:00,21.951,"0.0"
"1229",2020-10-18 06:15:00,22.525,"304.0"
"1230",2020-10-18 06:30:00,22.238,"288.0"
"1231",2020-10-18 06:45:00,21.282,"304.0"
"1232",2020-10-18 07:00:00,20.71,"288.0"
"1233",2020-10-18 07:15:00,20.424,"288.0"
"1234",2020-10-18 07:30:00,20.138,"288.0"
"1235",2020-10-18 07:45:00,19.948,"288.0"
"1236",2020-10-18 08:00:00,19.853,"288.0"
"1237",2020-10-18 08:15:00,19.758,"304.0"
"1238",2020-10-18 08:30:00,19.662,"288.0"
"1239",2020-10-18 08:45:00,19.662,"288.0"
"1240",2020-10-18 09:00:00,19.567,"288.0"
"1241",2020-10-18 09:15:00,19.567,"288.0"
"1242",2020-10-18 09:30:00,19.567,"288.0"
"1243",2020-10-18 09:45:00,19.567,"288.0"
"1244",2020-10-18 10:00:00,19.472,"304.0"
"1245",2020-10-18 10:15:00,19.472,"288.0"
"1246",2020-10-18 10:30:00,19.472,"288.0"
"1247",2020-10-18 10:45:00,19.472,"288.0"
"1248",2020-10-18 11:00:00,19.472,"288.0"
"1249",2020-10-18 11:15:00,19.472,"288.0"
"1250",2020-10-18 11:30:00,19.472,"288.0"
"1251",2020-10-18 11:45:00,19.472,"288.0"
"1252",2020-10-18 12:00:00,19.377,"288.0"
"1253",2020-10-18 12:15:00,19.472,"288.0"
"1254",2020-10-18 12:30:00,19.472,"288.0"
"1255",2020-10-18 12:45:00,19.472,"288.0"
"1256",2020-10-18 13:00:00,19.472,"304.0"
"1257",2020-10-18 13:15:00,19.377,"288.0"
"1258",2020-10-18 13:30:00,19.377,"288.0"
"1259",2020-10-18 13:45:00,19.377,"288.0"
"1260",2020-10-18 14:00:00,19.377,"288.0"
"1261",2020-10-18 14:15:00,19.377,"288.0"
"1262",2020-10-18 14:30:00,19.377,"288.0"
"1263",2020-10-18 14:45:00,19.377,"288.0"
"1264",2020-10-18 15:00:00,19.377,"288.0"
"1265",2020-10-18 15:15:00,19.472,"288.0"
"1266",2020-10-18 15:30:00,19.377,"288.0"
"1267",2020-10-18 15:45:00,19.377,"288.0"
"1268",2020-10-18 16:00:00,19.377,"288.0"
"1269",2020-10-18 16:15:00,19.377,"288.0"
"1270",2020-10-18 16:30:00,19.377,"288.0"
"1271",2020-10-18 16:45:00,19.377,"288.0"
"1272",2020-10-18 17:00:00,19.377,"288.0"
"1273",2020-10-18 17:15:00,19.472,"288.0"
"1274",2020-10-18 17:30:00,19.377,"288.0"
"1275",2020-10-18 17:45:00,19.377,"304.0"
"1276",2020-10-18 18:00:00,19.377,"288.0"
"1277",2020-10-18 18:15:00,18.806,"0.0"
"1278",2020-10-18 18:30:00,19.282,"0.0"
"1279",2020-10-18 18:45:00,19.948,"0.0"
"1280",2020-10-18 19:00:00,20.424,"0.0"
"1281",2020-10-18 19:15:00,20.71,"0.0"
"1282",2020-10-18 19:30:00,20.996,"0.0"
"1283",2020-10-18 19:45:00,21.091,"0.0"
"1284",2020-10-18 20:00:00,21.282,"0.0"
"1285",2020-10-18 20:15:00,21.378,"0.0"
"1286",2020-10-18 20:30:00,21.473,"0.0"
"1287",2020-10-18 20:45:00,21.473,"0.0"
"1288",2020-10-18 21:00:00,21.569,"0.0"
"1289",2020-10-18 21:15:00,21.664,"0.0"
"1290",2020-10-18 21:30:00,21.664,"0.0"
"1291",2020-10-18 21:45:00,21.76,"0.0"
"1292",2020-10-18 22:00:00,21.855,"0.0"
"1293",2020-10-18 22:15:00,21.855,"0.0"
"1294",2020-10-18 22:30:00,21.855,"0.0"
"1295",2020-10-18 22:45:00,21.855,"0.0"
"1296",2020-10-18 23:00:00,21.951,"0.0"
"1297",2020-10-18 23:15:00,21.951,"0.0"
"1298",2020-10-18 23:30:00,21.951,"0.0"
"1299",2020-10-18 23:45:00,21.951,"0.0"
"1300",2020-10-19 00:00:00,21.951,"0.0"
"1301",2020-10-19 00:15:00,21.951,"0.0"
"1302",2020-10-19 00:30:00,21.951,"0.0"
"1303",2020-10-19 00:45:00,21.951,"0.0"
"1304",2020-10-19 01:00:00,21.951,"0.0"
"1305",2020-10-19 01:15:00,21.951,"0.0"
"1306",2020-10-19 01:30:00,21.951,"0.0"
"1307",2020-10-19 01:45:00,21.951,"0.0"
"1308",2020-10-19 02:00:00,21.951,"0.0"
"1309",2020-10-19 02:15:00,21.951,"0.0"
"1310",2020-10-19 02:30:00,21.951,"0.0"
"1311",2020-10-19 02:45:00,21.951,"0.0"
"1312",2020-10-19 03:00:00,21.951,"0.0"
"1313",2020-10-19 03:15:00,21.951,"0.0"
"1314",2020-10-19 03:30:00,21.951,"0.0"
"1315",2020-10-19 03:45:00,21.951,"0.0"
"1316",2020-10-19 04:00:00,21.951,"0.0"
"1317",2020-10-19 04:15:00,21.951,"0.0"
"1318",2020-10-19 04:30:00,21.951,"0.0"
"1319",2020-10-19 04:45:00,21.951,"0.0"
"1320",2020-10-19 05:00:00,21.951,"0.0"
"1321",2020-10-19 05:15:00,21.951,"0.0"
"1322",2020-10-19 05:30:00,21.951,"0.0"
"1323",2020-10-19 05:45:00,22.046,"0.0"
"1324",2020-10-19 06:00:00,21.951,"0.0"
"1325",2020-10-19 06:15:00,22.525,"288.0"
"1326",2020-10-19 06:30:00,22.142,"288.0"
"1327",2020-10-19 06:45:00,21.282,"288.0"
"1328",2020-10-19 07:00:00,20.71,"304.0"
"1329",2020-10-19 07:15:00,20.519,"304.0"
"1330",2020-10-19 07:30:00,20.424,"304.0"
"1331",2020-10-19 07:45:00,20.234,"288.0"
"1332",2020-10-19 08:00:00,20.043,"288.0"
"1333",2020-10-19 08:15:00,19.948,"288.0"
"1334",2020-10-19 08:30:00,19.758,"288.0"
"1335",2020-10-19 08:45:00,19.662,"288.0"
"1336",2020-10-19 09:00:00,19.662,"288.0"
"1337",2020-10-19 09:15:00,19.662,"304.0"
"1338",2020-10-19 09:30:00,19.567,"288.0"
"1339",2020-10-19 09:45:00,19.567,"288.0"
"1340",2020-10-19 10:00:00,19.662,"304.0"
"1341",2020-10-19 10:15:00,19.758,"288.0"
"1342",2020-10-19 10:30:00,19.948,"304.0"
"1343",2020-10-19 10:45:00,19.948,"304.0"
"1344",2020-10-19 11:00:00,20.043,"288.0"
"1345",2020-10-19 11:15:00,20.043,"288.0"
"1346",2020-10-19 11:30:00,20.043,"288.0"
"1347",2020-10-19 11:45:00,20.043,"288.0"
"1348",2020-10-19 12:00:00,20.138,"288.0"
"1349",2020-10-19 12:15:00,20.138,"288.0"
"1350",2020-10-19 12:30:00,20.138,"288.0"
"1351",2020-10-19 12:45:00,20.138,"304.0"
"1352",2020-10-19 13:00:00,20.138,"288.0"
