"","timestamp","SN20940477_top2.Raw.Temp","SN20940477_top2.Light.Lumen","SN20940478_bot3.Raw.Temp","SN20940478_bot3.Light.Lumen","SN20940479_bot2.Raw.Temp","SN20940479_bot2.Light.Lumen","SN20940480_top1.Raw.Temp","SN20940480_top1.Light.Lumen","SN20940481_top3.Raw.Temp","SN20940481_top3.Light.Lumen"
"1",2020-12-28 13:00:00,30.154,896,30.963,1152,28.953,992,28.953,1088,29.652,1152
"2",2020-12-28 13:15:00,29.152,896,27.764,1152,27.665,992,28.953,1024,25.125,1152
"3",2020-12-28 13:30:00,28.953,896,27.075,1152,27.764,1024,28.953,1024,24.835,1152
"4",2020-12-28 13:45:00,28.953,896,27.075,1152,27.862,1024,28.953,1024,24.931,1152
"5",2020-12-28 14:00:00,28.953,896,27.075,1152,27.764,992,29.053,1024,24.931,1152
"6",2020-12-28 14:15:00,28.853,960,26.977,1152,27.665,992,28.953,1024,24.835,1152
"7",2020-12-28 14:30:00,28.754,896,26.781,992,27.468,1024,28.853,1024,24.835,992
"8",2020-12-28 14:45:00,28.754,960,26.977,1152,27.567,992,28.754,1024,24.931,1152
"9",2020-12-28 15:00:00,28.853,960,27.173,1152,27.665,992,28.853,1024,25.125,1152
"10",2020-12-28 15:15:00,28.853,960,27.272,1152,27.764,1024,29.053,1024,25.125,1152
"11",2020-12-28 15:30:00,28.853,960,27.075,1152,27.567,992,28.953,1024,24.931,1152
"12",2020-12-28 15:45:00,28.754,960,26.977,1152,27.468,1024,28.953,1024,24.835,1152
"13",2020-12-28 16:00:00,28.754,896,26.977,1152,27.567,1024,28.953,1024,24.738,1152
"14",2020-12-28 16:15:00,28.655,896,26.977,1152,27.468,1024,28.953,1088,24.738,1216
"15",2020-12-28 16:30:00,28.655,896,27.075,1152,27.468,992,28.953,1088,24.738,1152
"16",2020-12-28 16:45:00,28.655,896,27.075,1152,27.468,1024,28.853,1088,24.835,1152
"17",2020-12-28 17:00:00,28.655,896,27.075,1152,27.468,1024,28.853,1024,24.738,1152
"18",2020-12-28 17:15:00,28.754,896,27.173,1152,27.468,992,28.853,1024,24.835,1152
"19",2020-12-28 17:30:00,28.754,960,27.173,1152,27.468,992,28.853,1024,24.835,1152
"20",2020-12-28 17:45:00,28.754,896,27.075,1152,27.37,1024,28.853,1024,24.835,1152
"21",2020-12-28 18:00:00,28.754,960,27.075,1152,27.468,1024,28.853,1024,24.835,1152
"22",2020-12-28 18:15:00,27.862,0,25.902,0,26.977,0,27.37,0,24.641,0
"23",2020-12-28 18:30:00,27.468,0,25.513,0,26.39,0,27.173,0,25.708,0
"24",2020-12-28 18:45:00,27.665,0,25.805,0,26.488,0,27.272,0,26.39,0
"25",2020-12-28 19:00:00,27.862,0,26.097,0,26.683,0,27.37,0,26.683,0
"26",2020-12-28 19:15:00,27.961,0,26.39,0,26.879,0,27.272,0,26.879,0
"27",2020-12-28 19:30:00,27.961,0,26.488,0,26.977,0,27.272,0,26.977,0
"28",2020-12-28 19:45:00,28.06,0,26.585,0,27.173,0,27.272,0,26.977,0
"29",2020-12-28 20:00:00,28.06,0,26.585,0,27.272,0,27.272,0,26.977,0
"30",2020-12-28 20:15:00,28.06,0,26.683,0,27.37,0,27.272,0,27.075,0
"31",2020-12-28 20:30:00,28.06,0,26.683,0,27.37,0,27.272,0,27.075,0
"32",2020-12-28 20:45:00,28.06,0,26.683,0,27.468,0,27.272,0,27.075,0
"33",2020-12-28 21:00:00,28.06,0,26.683,0,27.468,0,27.272,0,27.075,0
"34",2020-12-28 21:15:00,28.06,0,26.781,0,27.468,0,27.272,0,27.075,0
"35",2020-12-28 21:30:00,28.159,0,26.781,0,27.468,0,27.272,0,27.075,0
"36",2020-12-28 21:45:00,28.159,0,26.781,0,27.468,0,27.272,0,27.075,0
"37",2020-12-28 22:00:00,28.159,0,26.781,0,27.468,0,27.272,0,27.075,0
"38",2020-12-28 22:15:00,28.159,0,26.781,0,27.468,0,27.272,0,27.075,0
"39",2020-12-28 22:30:00,28.159,0,26.781,0,27.468,0,27.272,0,27.075,0
"40",2020-12-28 22:45:00,28.159,0,26.781,0,27.567,0,27.272,0,27.075,0
"41",2020-12-28 23:00:00,28.159,0,26.781,0,27.567,0,27.272,0,27.075,0
"42",2020-12-28 23:15:00,28.159,0,26.781,0,27.567,0,27.272,0,27.075,0
"43",2020-12-28 23:30:00,28.159,0,26.781,0,27.567,0,27.272,0,27.075,0
"44",2020-12-28 23:45:00,28.159,0,26.781,0,27.567,0,27.272,0,27.075,0
"45",2020-12-29 00:00:00,28.159,0,26.781,0,27.567,0,27.272,0,27.075,0
"46",2020-12-29 00:15:00,28.159,0,26.781,0,27.567,0,27.272,0,27.075,0
"47",2020-12-29 00:30:00,28.159,0,26.781,0,27.567,0,27.272,0,27.075,0
"48",2020-12-29 00:45:00,28.159,0,26.879,0,27.567,0,27.272,0,27.075,0
"49",2020-12-29 01:00:00,28.159,0,26.781,0,27.567,0,27.272,0,27.075,0
"50",2020-12-29 01:15:00,28.159,0,26.781,0,27.567,0,27.272,0,27.075,0
"51",2020-12-29 01:30:00,28.159,0,26.781,0,27.567,0,27.272,0,27.075,0
"52",2020-12-29 01:45:00,28.159,0,26.781,0,27.567,0,27.272,0,27.075,0
"53",2020-12-29 02:00:00,28.159,0,26.879,0,27.665,0,27.272,0,27.075,0
"54",2020-12-29 02:15:00,28.159,0,26.781,0,27.665,0,27.272,0,27.075,0
"55",2020-12-29 02:30:00,28.159,0,26.781,0,27.665,0,27.272,0,27.075,0
"56",2020-12-29 02:45:00,28.159,0,26.781,0,27.665,0,27.272,0,27.075,0
"57",2020-12-29 03:00:00,28.159,0,26.781,0,27.665,0,27.272,0,27.075,0
"58",2020-12-29 03:15:00,28.159,0,26.781,0,27.665,0,27.272,0,27.075,0
"59",2020-12-29 03:30:00,28.159,0,26.781,0,27.665,0,27.272,0,27.075,0
"60",2020-12-29 03:45:00,28.159,0,26.781,0,27.665,0,27.272,0,27.075,0
"61",2020-12-29 04:00:00,28.159,0,26.781,0,27.665,0,27.272,0,26.977,0
"62",2020-12-29 04:15:00,28.159,0,26.781,0,27.665,0,27.272,0,27.075,0
"63",2020-12-29 04:30:00,28.159,0,26.879,0,27.665,0,27.468,0,27.173,0
"64",2020-12-29 04:45:00,28.159,0,26.781,0,27.665,0,27.37,0,27.075,0
"65",2020-12-29 05:00:00,28.06,0,26.781,0,27.665,0,27.37,0,26.977,0
"66",2020-12-29 05:15:00,28.06,0,26.683,0,27.665,0,27.272,0,26.977,0
"67",2020-12-29 05:30:00,28.06,0,26.683,0,27.665,0,27.272,0,26.977,0
"68",2020-12-29 05:45:00,28.06,0,26.683,0,27.665,0,27.272,0,26.977,0
"69",2020-12-29 06:00:00,28.06,0,26.683,0,27.665,0,27.272,0,26.977,0
"70",2020-12-29 06:15:00,28.953,960,27.764,1216,28.655,1024,28.754,1088,27.173,1216
"71",2020-12-29 06:30:00,29.152,896,27.862,1152,28.655,1024,28.853,1024,25.902,1152
"72",2020-12-29 06:45:00,28.655,960,27.173,1152,28.06,1024,28.754,1024,25.125,1152
"73",2020-12-29 07:00:00,28.555,896,26.977,1152,27.862,992,28.754,1024,24.738,1152
"74",2020-12-29 07:15:00,28.456,896,26.879,1152,27.764,1024,28.655,1024,24.738,1152
"75",2020-12-29 07:30:00,28.555,896,26.781,1152,27.764,1024,28.754,1024,24.738,1152
"76",2020-12-29 07:45:00,28.555,896,26.781,1152,27.665,992,28.655,1024,24.641,1152
"77",2020-12-29 08:00:00,28.655,960,26.977,1152,27.764,1024,28.655,1088,24.931,1152
"78",2020-12-29 08:15:00,28.655,960,27.075,1152,27.764,1024,28.754,1024,25.028,1152
"79",2020-12-29 08:30:00,28.754,896,27.173,1152,27.862,1024,28.754,1024,25.125,1152
"80",2020-12-29 08:45:00,28.853,896,27.173,1152,27.862,1024,28.853,1024,25.125,1216
"81",2020-12-29 09:00:00,28.853,960,27.272,1152,27.862,992,28.853,1024,25.222,1152
"82",2020-12-29 09:15:00,28.953,896,27.272,1152,27.862,1024,28.853,1024,25.222,1152
"83",2020-12-29 09:30:00,28.953,960,27.37,1152,27.862,992,29.053,1024,25.222,1152
"84",2020-12-29 09:45:00,28.853,896,27.272,1152,27.764,1024,28.953,1024,24.931,1152
"85",2020-12-29 10:00:00,28.853,896,27.173,1152,27.764,1024,28.853,1024,24.931,1152
"86",2020-12-29 10:15:00,28.754,896,27.173,1152,27.665,1024,28.754,1024,24.931,1152
"87",2020-12-29 10:30:00,28.853,896,27.272,1152,27.764,1024,28.754,1024,25.125,1152
"88",2020-12-29 10:45:00,28.853,960,27.37,1152,27.862,992,28.953,1024,25.222,1152
"89",2020-12-29 11:00:00,28.853,896,27.272,1152,27.764,992,29.053,1024,25.028,1152
"90",2020-12-29 11:15:00,28.754,960,27.173,1152,27.665,1024,28.953,1024,24.931,1152
"91",2020-12-29 11:30:00,28.754,960,27.075,1152,27.567,992,28.953,1024,24.835,1152
"92",2020-12-29 11:45:00,28.754,896,26.977,1152,27.567,1024,28.953,1024,24.835,1152
"93",2020-12-29 12:00:00,28.754,896,27.075,1152,27.567,1024,28.853,1024,24.835,1152
"94",2020-12-29 12:15:00,28.655,960,26.977,1152,27.468,992,28.853,1024,24.835,1152
"95",2020-12-29 12:30:00,28.655,960,27.075,1152,27.468,992,28.853,1024,24.835,1152
"96",2020-12-29 12:45:00,28.655,896,26.977,1152,27.468,1024,28.853,1024,24.835,1152
"97",2020-12-29 13:00:00,28.754,896,27.075,1152,27.468,992,28.853,1024,24.835,1152
"98",2020-12-29 13:15:00,28.655,896,26.977,1152,27.468,992,28.853,1088,24.835,1152
"99",2020-12-29 13:30:00,28.655,960,26.977,1152,27.468,1024,28.853,1088,24.835,1152
"100",2020-12-29 13:45:00,28.754,960,26.977,1152,27.37,1024,28.853,1024,24.835,1152
"101",2020-12-29 14:00:00,28.754,896,26.977,1152,27.37,992,28.853,1024,24.835,1152
"102",2020-12-29 14:15:00,28.655,896,26.977,1152,27.37,1024,28.754,1024,24.835,1152
"103",2020-12-29 14:30:00,28.754,960,27.173,1152,27.567,1024,28.853,1024,25.125,1152
"104",2020-12-29 14:45:00,28.853,896,27.272,1152,27.665,992,29.053,1024,25.222,1152
"105",2020-12-29 15:00:00,28.853,896,27.173,1152,27.567,1024,29.053,1024,24.931,1216
"106",2020-12-29 15:15:00,28.754,896,27.173,1152,27.567,1024,28.953,1024,24.931,1152
"107",2020-12-29 15:30:00,28.655,896,27.173,1152,27.468,1024,28.953,1024,24.835,1152
"108",2020-12-29 15:45:00,28.555,896,27.075,1152,27.468,1024,28.953,1024,24.835,1152
"109",2020-12-29 16:00:00,28.555,896,26.977,1152,27.468,1024,28.953,1024,24.835,1152
"110",2020-12-29 16:15:00,28.655,896,26.977,1152,27.468,992,28.953,1024,24.835,1152
"111",2020-12-29 16:30:00,28.655,960,26.977,1152,27.567,1024,28.953,1024,24.835,1152
"112",2020-12-29 16:45:00,28.655,960,26.977,1152,27.567,1024,28.853,1024,24.835,1152
"113",2020-12-29 17:00:00,28.655,896,26.977,1152,27.567,992,28.853,1024,24.835,1152
"114",2020-12-29 17:15:00,28.655,960,26.977,1152,27.567,992,28.853,1024,24.835,1152
"115",2020-12-29 17:30:00,28.655,896,26.977,1152,27.567,1024,28.853,1088,24.835,1152
"116",2020-12-29 17:45:00,28.555,896,26.977,1152,27.567,992,28.953,1024,24.835,1152
"117",2020-12-29 18:00:00,28.555,896,26.977,1152,27.567,1024,28.853,1024,24.738,1152
"118",2020-12-29 18:15:00,27.764,0,25.805,0,26.977,0,27.37,0,24.641,0
"119",2020-12-29 18:30:00,27.468,0,25.513,0,26.39,0,27.272,0,25.708,0
"120",2020-12-29 18:45:00,27.764,0,25.805,0,26.488,0,27.272,0,26.39,0
"121",2020-12-29 19:00:00,27.862,0,26.097,0,26.781,0,27.272,0,26.683,0
"122",2020-12-29 19:15:00,27.961,0,26.292,0,26.879,0,27.272,0,26.879,0
"123",2020-12-29 19:30:00,28.06,0,26.488,0,27.075,0,27.272,0,26.977,0
"124",2020-12-29 19:45:00,28.06,0,26.488,0,27.173,0,27.272,0,26.977,0
"125",2020-12-29 20:00:00,28.06,0,26.585,0,27.272,0,27.272,0,27.075,0
"126",2020-12-29 20:15:00,28.06,0,26.683,0,27.37,0,27.272,0,26.977,0
"127",2020-12-29 20:30:00,28.06,0,26.683,0,27.37,0,27.272,0,27.075,0
"128",2020-12-29 20:45:00,28.159,0,26.683,0,27.468,0,27.272,0,27.075,0
"129",2020-12-29 21:00:00,28.159,0,26.683,0,27.468,0,27.272,0,27.075,0
"130",2020-12-29 21:15:00,28.159,0,26.683,0,27.468,0,27.272,0,27.075,0
"131",2020-12-29 21:30:00,28.159,0,26.683,0,27.468,0,27.272,0,27.075,0
"132",2020-12-29 21:45:00,28.159,0,26.781,0,27.468,0,27.272,0,27.075,0
"133",2020-12-29 22:00:00,28.159,0,26.781,0,27.468,0,27.272,0,27.075,0
"134",2020-12-29 22:15:00,28.159,0,26.781,0,27.468,0,27.272,0,27.075,0
"135",2020-12-29 22:30:00,28.159,0,26.781,0,27.468,0,27.272,0,27.075,0
"136",2020-12-29 22:45:00,28.159,0,26.781,0,27.468,0,27.272,0,27.075,0
"137",2020-12-29 23:00:00,28.159,0,26.781,0,27.567,0,27.272,0,27.075,0
"138",2020-12-29 23:15:00,28.159,0,26.781,0,27.567,0,27.272,0,27.075,0
"139",2020-12-29 23:30:00,28.159,0,26.781,0,27.567,0,27.272,0,27.075,0
"140",2020-12-29 23:45:00,28.159,0,26.781,0,27.567,0,27.272,0,27.075,0
"141",2020-12-30 00:00:00,28.159,0,26.781,0,27.567,0,27.272,0,27.075,0
"142",2020-12-30 00:15:00,28.159,0,26.781,0,27.567,0,27.272,0,27.075,0
"143",2020-12-30 00:30:00,28.159,0,26.781,0,27.567,0,27.272,0,27.075,0
"144",2020-12-30 00:45:00,28.159,0,26.781,0,27.567,0,27.272,0,27.075,0
"145",2020-12-30 01:00:00,28.159,0,26.781,0,27.567,0,27.272,0,27.075,0
"146",2020-12-30 01:15:00,28.159,0,26.781,0,27.567,0,27.272,0,27.075,0
"147",2020-12-30 01:30:00,28.159,0,26.781,0,27.567,0,27.272,0,27.075,0
"148",2020-12-30 01:45:00,28.159,0,26.879,0,27.665,0,27.37,0,27.075,0
"149",2020-12-30 02:00:00,28.159,0,26.781,0,27.665,0,27.272,0,27.075,0
"150",2020-12-30 02:15:00,28.159,0,26.781,0,27.665,0,27.272,0,27.075,0
"151",2020-12-30 02:30:00,28.159,0,26.781,0,27.665,0,27.272,0,27.075,0
"152",2020-12-30 02:45:00,28.159,0,26.781,0,27.665,0,27.272,0,27.075,0
"153",2020-12-30 03:00:00,28.159,0,26.781,0,27.665,0,27.37,0,27.075,0
"154",2020-12-30 03:15:00,28.159,0,26.781,0,27.665,0,27.272,0,27.075,0
"155",2020-12-30 03:30:00,28.159,0,26.781,0,27.665,0,27.272,0,27.075,0
"156",2020-12-30 03:45:00,28.159,0,26.781,0,27.665,0,27.272,0,27.075,0
"157",2020-12-30 04:00:00,28.159,0,26.781,0,27.665,0,27.272,0,27.075,0
"158",2020-12-30 04:15:00,28.159,0,26.781,0,27.665,0,27.272,0,27.075,0
"159",2020-12-30 04:30:00,28.159,0,26.781,0,27.665,0,27.37,0,27.075,0
"160",2020-12-30 04:45:00,28.159,0,26.781,0,27.665,0,27.272,0,27.075,0
"161",2020-12-30 05:00:00,28.159,0,26.781,0,27.665,0,27.272,0,26.977,0
"162",2020-12-30 05:15:00,28.159,0,26.879,0,27.665,0,27.272,0,27.075,0
"163",2020-12-30 05:30:00,28.159,0,26.879,0,27.665,0,27.272,0,27.075,0
"164",2020-12-30 05:45:00,28.159,0,26.879,0,27.665,0,27.272,0,27.075,0
"165",2020-12-30 06:00:00,28.159,0,26.879,0,27.665,0,27.272,0,27.075,0
"166",2020-12-30 06:15:00,29.152,960,28.159,1152,28.953,1088,28.953,1024,27.468,1088
"167",2020-12-30 06:30:00,29.352,896,28.258,1152,28.853,992,28.953,1024,26,1088
"168",2020-12-30 06:45:00,28.953,960,27.665,1152,28.258,1024,28.953,1024,25.125,1088
"169",2020-12-30 07:00:00,28.754,896,27.37,1152,28.06,1024,28.853,1024,24.835,1088
"170",2020-12-30 07:15:00,28.754,960,27.272,1152,27.961,992,28.853,1024,24.738,1088
"171",2020-12-30 07:30:00,28.655,896,27.173,1152,27.862,992,28.853,1024,24.641,1088
"172",2020-12-30 07:45:00,28.655,896,27.075,1152,27.862,1024,28.853,1088,24.545,1024
"173",2020-12-30 08:00:00,28.655,896,27.075,1152,27.764,992,28.853,1024,24.545,1088
"174",2020-12-30 08:15:00,28.655,896,27.075,1152,27.665,1024,28.953,1024,24.545,1024
"175",2020-12-30 08:30:00,28.655,960,27.075,1152,27.665,1024,28.953,1024,24.545,1024
"176",2020-12-30 08:45:00,28.655,896,27.075,1152,27.567,992,28.953,1024,24.545,1088
"177",2020-12-30 09:00:00,28.655,896,26.977,1152,27.567,992,28.853,1024,24.545,1088
"178",2020-12-30 09:15:00,28.754,896,27.075,1152,27.567,992,28.953,1024,24.545,1088
"179",2020-12-30 09:30:00,28.754,896,27.075,1152,27.567,1024,28.853,1024,24.545,1088
"180",2020-12-30 09:45:00,28.754,960,27.075,1152,27.567,1024,28.853,1024,24.545,1088
"181",2020-12-30 10:00:00,28.853,896,27.173,1152,27.567,992,28.853,1024,24.545,1088
"182",2020-12-30 10:15:00,28.754,960,27.173,1152,27.468,1024,28.953,1024,24.545,1024
"183",2020-12-30 10:30:00,28.754,896,27.173,1088,27.468,992,28.853,1024,24.545,1088
"184",2020-12-30 10:45:00,28.754,896,27.173,1152,27.468,992,28.953,1024,24.545,1088
"185",2020-12-30 11:00:00,28.754,960,27.075,1152,27.468,1024,28.853,1088,24.545,1088
"186",2020-12-30 11:15:00,28.754,960,27.075,1152,27.468,992,28.853,1088,24.545,1088
"187",2020-12-30 11:30:00,28.754,896,27.075,1152,27.37,1024,28.953,1024,24.545,1088
"188",2020-12-30 11:45:00,28.754,896,27.075,1152,27.37,992,28.953,1024,24.448,1088
"189",2020-12-30 12:00:00,28.754,960,26.977,1152,27.37,1024,28.853,1024,24.448,1088
"190",2020-12-30 12:15:00,28.754,896,26.977,1152,27.37,1024,28.853,1024,24.448,1024
"191",2020-12-30 12:30:00,28.754,896,27.075,1152,27.37,1024,28.953,1024,24.448,1088
"192",2020-12-30 12:45:00,28.754,960,26.977,1152,27.37,1024,28.953,1024,24.448,1088
"193",2020-12-30 13:00:00,28.754,896,26.977,1152,27.272,992,28.953,1088,24.448,1088
"194",2020-12-30 13:15:00,28.754,896,26.977,1152,27.272,1024,28.853,1024,24.448,1088
"195",2020-12-30 13:30:00,28.754,896,26.977,1152,27.272,992,28.853,1024,24.448,1088
"196",2020-12-30 13:45:00,28.754,960,26.977,1152,27.272,1024,28.853,1024,24.448,1024
"197",2020-12-30 14:00:00,28.754,960,27.075,1152,27.272,1024,28.953,1024,24.545,1088
"198",2020-12-30 14:15:00,28.754,960,27.075,1152,27.272,1024,28.953,1024,24.448,1024
"199",2020-12-30 14:30:00,28.754,896,27.075,1152,27.272,1024,28.953,1024,24.448,1088
"200",2020-12-30 14:45:00,28.754,896,27.075,1152,27.37,1024,28.953,1024,24.545,1088
"201",2020-12-30 15:00:00,28.754,896,26.977,1152,27.37,1024,28.953,1024,24.448,1088
"202",2020-12-30 15:15:00,28.754,896,26.977,1152,27.468,992,28.953,1024,24.448,1088
"203",2020-12-30 15:30:00,28.853,896,27.075,1152,27.37,1024,29.053,1088,24.448,1024
"204",2020-12-30 15:45:00,28.754,896,27.075,1152,27.37,992,28.953,1024,24.448,1024
"205",2020-12-30 16:00:00,28.754,896,27.075,1152,27.468,1024,28.953,1024,24.448,1088
"206",2020-12-30 16:15:00,28.754,896,27.075,1152,27.468,1024,29.053,1024,24.545,1024
"207",2020-12-30 16:30:00,28.754,960,27.075,1152,27.468,1024,28.953,1024,24.545,1088
"208",2020-12-30 16:45:00,28.754,896,27.075,1152,27.468,1024,28.953,1024,24.448,1024
"209",2020-12-30 17:00:00,28.655,960,27.075,1152,27.567,992,28.953,1024,24.545,1024
"210",2020-12-30 17:15:00,28.655,960,26.977,1152,27.468,992,28.953,1024,24.545,1088
"211",2020-12-30 17:30:00,28.655,960,26.977,1152,27.567,992,28.953,1024,24.545,1024
"212",2020-12-30 17:45:00,28.655,896,26.977,1152,27.567,1024,28.953,1088,24.545,1088
"213",2020-12-30 18:00:00,28.754,896,26.977,1152,27.567,992,28.953,1024,24.545,1088
"214",2020-12-30 18:15:00,27.862,0,25.902,0,26.977,0,27.468,0,24.448,0
"215",2020-12-30 18:30:00,27.567,0,25.61,0,26.488,0,27.272,0,25.708,0
"216",2020-12-30 18:45:00,27.862,0,25.902,0,26.488,0,27.37,0,26.39,0
"217",2020-12-30 19:00:00,27.961,0,26.195,0,26.683,0,27.37,0,26.683,0
"218",2020-12-30 19:15:00,28.06,0,26.39,0,26.977,0,27.37,0,26.879,0
"219",2020-12-30 19:30:00,28.06,0,26.488,0,27.075,0,27.37,0,26.879,0
"220",2020-12-30 19:45:00,28.06,0,26.585,0,27.272,0,27.37,0,26.977,0
"221",2020-12-30 20:00:00,28.06,0,26.585,0,27.272,0,27.37,0,26.977,0
"222",2020-12-30 20:15:00,28.159,0,26.683,0,27.37,0,27.37,0,27.075,0
"223",2020-12-30 20:30:00,28.06,0,26.683,0,27.468,0,27.37,0,27.075,0
"224",2020-12-30 20:45:00,28.159,0,26.683,0,27.468,0,27.37,0,27.075,0
"225",2020-12-30 21:00:00,28.159,0,26.683,0,27.468,0,27.37,0,27.075,0
"226",2020-12-30 21:15:00,28.159,0,26.683,0,27.468,0,27.37,0,27.075,0
"227",2020-12-30 21:30:00,28.159,0,26.781,0,27.468,0,27.37,0,27.075,0
"228",2020-12-30 21:45:00,28.159,0,26.781,0,27.468,0,27.37,0,27.075,0
"229",2020-12-30 22:00:00,28.159,0,26.781,0,27.468,0,27.37,0,27.075,0
"230",2020-12-30 22:15:00,28.159,0,26.781,0,27.468,0,27.37,0,27.075,0
"231",2020-12-30 22:30:00,28.159,0,26.781,0,27.567,0,27.37,0,27.075,0
"232",2020-12-30 22:45:00,28.159,0,26.781,0,27.567,0,27.37,0,27.075,0
"233",2020-12-30 23:00:00,28.159,0,26.781,0,27.567,0,27.37,0,27.075,0
"234",2020-12-30 23:15:00,28.159,0,26.781,0,27.567,0,27.37,0,27.075,0
"235",2020-12-30 23:30:00,28.159,0,26.781,0,27.567,0,27.37,0,27.075,0
"236",2020-12-30 23:45:00,28.159,0,26.781,0,27.567,0,27.37,0,26.977,0
"237",2020-12-31 00:00:00,28.159,0,26.781,0,27.567,0,27.37,0,27.075,0
"238",2020-12-31 00:15:00,28.159,0,26.781,0,27.567,0,27.37,0,27.075,0
"239",2020-12-31 00:30:00,28.159,0,26.781,0,27.567,0,27.37,0,27.075,0
"240",2020-12-31 00:45:00,28.159,0,26.781,0,27.567,0,27.37,0,27.075,0
"241",2020-12-31 01:00:00,28.159,0,26.879,0,27.567,0,27.37,0,27.075,0
"242",2020-12-31 01:15:00,28.159,0,26.879,0,27.665,0,27.37,0,27.075,0
"243",2020-12-31 01:30:00,28.159,0,26.879,0,27.665,0,27.37,0,27.075,0
"244",2020-12-31 01:45:00,28.159,0,26.879,0,27.665,0,27.37,0,27.075,0
"245",2020-12-31 02:00:00,28.159,0,26.879,0,27.665,0,27.37,0,27.075,0
"246",2020-12-31 02:15:00,28.159,0,26.781,0,27.665,0,27.37,0,27.075,0
"247",2020-12-31 02:30:00,28.159,0,26.879,0,27.665,0,27.37,0,27.075,0
"248",2020-12-31 02:45:00,28.159,0,26.781,0,27.665,0,27.37,0,27.075,0
"249",2020-12-31 03:00:00,28.159,0,26.781,0,27.665,0,27.37,0,27.075,0
"250",2020-12-31 03:15:00,28.159,0,26.781,0,27.665,0,27.37,0,27.075,0
"251",2020-12-31 03:30:00,28.159,0,26.781,0,27.665,0,27.37,0,27.075,0
"252",2020-12-31 03:45:00,28.159,0,26.781,0,27.665,0,27.37,0,27.075,0
"253",2020-12-31 04:00:00,28.159,0,26.781,0,27.665,0,27.37,0,27.075,0
"254",2020-12-31 04:15:00,28.159,0,26.781,0,27.665,0,27.37,0,27.075,0
"255",2020-12-31 04:30:00,28.159,0,26.781,0,27.665,0,27.37,0,27.075,0
"256",2020-12-31 04:45:00,28.159,0,26.781,0,27.665,0,27.37,0,27.075,0
"257",2020-12-31 05:00:00,28.159,0,26.781,0,27.665,0,27.37,0,27.075,0
"258",2020-12-31 05:15:00,28.159,0,26.781,0,27.665,0,27.37,0,27.075,0
"259",2020-12-31 05:30:00,28.159,0,26.879,0,27.665,0,27.37,0,27.075,0
"260",2020-12-31 05:45:00,28.159,0,26.781,0,27.665,0,27.37,0,27.075,0
"261",2020-12-31 06:00:00,28.159,0,26.879,0,27.665,0,27.37,0,27.075,0
"262",2020-12-31 06:15:00,29.152,960,28.258,1216,28.853,1024,28.953,1024,27.468,1088
"263",2020-12-31 06:30:00,29.352,960,28.258,1152,28.953,1024,28.953,1024,26,1088
"264",2020-12-31 06:45:00,28.953,896,27.665,1152,28.357,992,28.953,1024,25.125,1088
"265",2020-12-31 07:00:00,28.754,960,27.37,1152,28.06,1024,28.853,1024,24.835,1088
"266",2020-12-31 07:15:00,28.754,896,27.173,1152,27.961,1024,28.853,1088,24.738,1088
"267",2020-12-31 07:30:00,28.754,960,27.173,1152,27.862,992,28.853,1024,24.641,1088
"268",2020-12-31 07:45:00,28.754,896,27.173,1152,27.862,1024,28.754,1088,24.738,1088
"269",2020-12-31 08:00:00,28.853,960,27.272,1152,27.961,992,28.853,1024,24.835,1088
"270",2020-12-31 08:15:00,28.953,896,27.37,1152,27.961,1024,29.053,1024,24.931,1024
"271",2020-12-31 08:30:00,28.853,896,27.173,1152,27.764,1024,29.053,1024,24.738,1088
"272",2020-12-31 08:45:00,28.853,960,27.075,1152,27.665,992,28.953,1024,24.641,1088
"273",2020-12-31 09:00:00,28.853,896,27.075,1152,27.567,992,28.953,1024,24.641,1024
"274",2020-12-31 09:15:00,28.754,896,26.977,1152,27.468,1024,28.853,1024,24.545,1088
"275",2020-12-31 09:30:00,28.853,960,27.173,1152,27.567,1024,28.853,1024,24.738,1088
"276",2020-12-31 09:45:00,29.053,896,27.272,1152,27.764,992,28.853,1024,24.835,1088
"277",2020-12-31 10:00:00,29.053,896,27.37,1152,27.764,1024,29.053,1024,24.738,1024
"278",2020-12-31 10:15:00,29.053,896,27.173,1152,27.665,1024,29.053,1024,24.641,1024
"279",2020-12-31 10:30:00,28.953,960,27.173,1152,27.665,992,28.953,1024,24.545,1088
"280",2020-12-31 10:45:00,28.853,896,27.173,1152,27.567,992,28.953,1088,24.545,1024
"281",2020-12-31 11:00:00,28.953,896,27.173,1152,27.567,1024,28.953,1088,24.545,1088
"282",2020-12-31 11:15:00,28.953,896,27.075,1152,27.567,1024,28.953,1024,24.545,1024
"283",2020-12-31 11:30:00,28.853,896,27.075,1152,27.567,992,28.953,1024,24.545,1088
"284",2020-12-31 11:45:00,28.754,896,27.075,1152,27.567,992,28.953,1024,24.545,1024
"285",2020-12-31 12:00:00,28.853,960,26.977,1152,27.567,1024,28.953,1024,24.545,1024
"286",2020-12-31 12:15:00,28.754,896,26.977,1152,27.468,1024,28.953,1024,24.545,1088
"287",2020-12-31 12:30:00,28.754,960,26.879,1152,27.468,992,28.258,1024,24.641,1088
"288",2020-12-31 12:45:00,28.953,896,27.567,1152,27.665,992,28.853,1024,25.416,1024
"289",2020-12-31 13:00:00,28.754,672,27.764,1152,27.173,800,28.06,1088,25.513,1088
"290",2020-12-31 13:15:00,28.953,896,27.665,960,27.272,1024,29.053,1024,26.683,896
"291",2020-12-31 13:30:00,28.953,960,28.754,1152,27.665,1024,28.953,1024,26.488,1024
"292",2020-12-31 13:45:00,28.853,896,27.961,1152,27.764,1024,28.853,1024,25.513,1088
"293",2020-12-31 14:00:00,28.853,896,27.764,1152,27.862,1024,28.853,1088,25.416,1024
"294",2020-12-31 14:15:00,28.853,896,27.764,1152,27.862,992,28.853,1088,25.416,1088
"295",2020-12-31 14:30:00,28.853,896,27.862,1152,27.764,1024,28.853,1024,25.513,1088
"296",2020-12-31 14:45:00,28.754,896,27.764,1152,27.764,1024,29.053,1024,25.319,1024
"297",2020-12-31 15:00:00,28.754,896,27.665,1152,27.567,992,28.953,1088,25.222,1088
"298",2020-12-31 15:15:00,28.853,896,27.665,1152,27.567,1024,28.853,1024,25.125,1024
"299",2020-12-31 15:30:00,28.754,896,27.665,1152,27.468,1024,28.853,1024,25.125,1024
"300",2020-12-31 15:45:00,28.754,960,27.665,1152,27.468,992,28.853,1088,25.125,1088
"301",2020-12-31 16:00:00,28.754,896,27.665,1152,27.468,992,28.853,1088,25.125,1024
"302",2020-12-31 16:15:00,28.853,896,27.665,1152,27.37,1024,28.853,1024,25.125,1024
"303",2020-12-31 16:30:00,28.754,896,27.665,1152,27.37,1024,28.853,1024,25.125,1024
"304",2020-12-31 16:45:00,28.655,896,27.665,1152,27.37,992,28.853,1024,25.125,1088
"305",2020-12-31 17:00:00,28.655,896,27.665,1152,27.37,1024,28.853,1024,25.125,1024
"306",2020-12-31 17:15:00,28.555,896,27.764,1152,27.37,992,28.853,1024,25.125,1088
"307",2020-12-31 17:30:00,28.655,896,27.665,1152,27.272,1024,28.853,1024,25.125,1088
"308",2020-12-31 17:45:00,28.655,960,27.567,1152,27.272,1024,28.853,1024,25.125,1024
"309",2020-12-31 18:00:00,28.655,896,27.567,1152,27.272,992,28.853,1024,25.125,1088
"310",2020-12-31 18:15:00,27.764,0,26.39,0,26.879,0,27.37,0,24.738,0
"311",2020-12-31 18:30:00,27.468,0,25.708,0,26.39,0,27.272,0,25.61,0
"312",2020-12-31 18:45:00,27.764,0,25.902,0,26.488,0,27.272,0,26.39,0
"313",2020-12-31 19:00:00,27.961,0,26.195,0,26.781,0,27.272,0,26.683,0
"314",2020-12-31 19:15:00,27.961,0,26.39,0,26.977,0,27.272,0,26.879,0
"315",2020-12-31 19:30:00,28.06,0,26.488,0,27.075,0,27.272,0,26.977,0
"316",2020-12-31 19:45:00,28.06,0,26.585,0,27.173,0,27.272,0,26.977,0
"317",2020-12-31 20:00:00,28.06,0,26.585,0,27.272,0,27.272,0,26.977,0
"318",2020-12-31 20:15:00,28.159,0,26.683,0,27.37,0,27.272,0,27.075,0
"319",2020-12-31 20:30:00,28.159,0,26.683,0,27.37,0,27.272,0,27.075,0
"320",2020-12-31 20:45:00,28.159,0,26.683,0,27.468,0,27.272,0,27.075,0
"321",2020-12-31 21:00:00,28.159,0,26.683,0,27.468,0,27.272,0,27.075,0
"322",2020-12-31 21:15:00,28.159,0,26.683,0,27.468,0,27.272,0,27.075,0
"323",2020-12-31 21:30:00,28.159,0,26.781,0,27.468,0,27.272,0,27.075,0
"324",2020-12-31 21:45:00,28.159,0,26.781,0,27.468,0,27.272,0,27.075,0
"325",2020-12-31 22:00:00,28.159,0,26.781,0,27.468,0,27.272,0,27.075,0
"326",2020-12-31 22:15:00,28.159,0,26.781,0,27.468,0,27.272,0,27.075,0
"327",2020-12-31 22:30:00,28.159,0,26.781,0,27.468,0,27.272,0,27.075,0
"328",2020-12-31 22:45:00,28.159,0,26.781,0,27.468,0,27.272,0,27.075,0
"329",2020-12-31 23:00:00,28.159,0,26.781,0,27.567,0,27.272,0,27.075,0
"330",2020-12-31 23:15:00,28.159,0,26.781,0,27.567,0,27.272,0,27.075,0
"331",2020-12-31 23:30:00,28.159,0,26.781,0,27.567,0,27.272,0,27.075,0
"332",2020-12-31 23:45:00,28.159,0,26.879,0,27.567,0,27.272,0,27.075,0
"333",2021-01-01 00:00:00,28.159,0,26.879,0,27.567,0,27.272,0,27.075,0
"334",2021-01-01 00:15:00,28.159,0,26.879,0,27.567,0,27.272,0,27.075,0
"335",2021-01-01 00:30:00,28.159,0,26.879,0,27.567,0,27.272,0,27.075,0
"336",2021-01-01 00:45:00,28.159,0,26.879,0,27.567,0,27.272,0,27.075,0
"337",2021-01-01 01:00:00,28.159,0,26.879,0,27.567,0,27.272,0,27.075,0
"338",2021-01-01 01:15:00,28.159,0,26.879,0,27.567,0,27.272,0,27.075,0
"339",2021-01-01 01:30:00,28.159,0,26.879,0,27.567,0,27.272,0,27.075,0
"340",2021-01-01 01:45:00,28.159,0,26.879,0,27.665,0,27.272,0,27.075,0
"341",2021-01-01 02:00:00,28.159,0,26.879,0,27.665,0,27.272,0,27.075,0
"342",2021-01-01 02:15:00,28.159,0,26.879,0,27.665,0,27.272,0,27.075,0
"343",2021-01-01 02:30:00,28.159,0,26.879,0,27.665,0,27.272,0,27.075,0
"344",2021-01-01 02:45:00,28.159,0,26.879,0,27.665,0,27.272,0,27.075,0
"345",2021-01-01 03:00:00,28.159,0,26.879,0,27.665,0,27.272,0,27.075,0
"346",2021-01-01 03:15:00,28.159,0,26.879,0,27.665,0,27.272,0,27.075,0
"347",2021-01-01 03:30:00,28.159,0,26.879,0,27.665,0,27.272,0,27.075,0
"348",2021-01-01 03:45:00,28.159,0,26.879,0,27.665,0,27.272,0,27.075,0
"349",2021-01-01 04:00:00,28.159,0,26.879,0,27.665,0,27.272,0,27.075,0
"350",2021-01-01 04:15:00,28.159,0,26.879,0,27.665,0,27.272,0,27.075,0
"351",2021-01-01 04:30:00,28.159,0,26.879,0,27.665,0,27.272,0,27.075,0
"352",2021-01-01 04:45:00,28.159,0,26.879,0,27.665,0,27.37,0,27.075,0
"353",2021-01-01 05:00:00,28.159,0,26.879,0,27.665,0,27.37,0,27.075,0
"354",2021-01-01 05:15:00,28.159,0,26.781,0,27.665,0,27.272,0,27.075,0
"355",2021-01-01 05:30:00,28.159,0,26.879,0,27.665,0,27.272,0,27.075,0
"356",2021-01-01 05:45:00,28.159,0,26.879,0,27.665,0,27.272,0,27.075,0
"357",2021-01-01 06:00:00,28.159,0,26.879,0,27.665,0,27.272,0,27.075,0
